[horizon_gpu:I] device up: gm20b arch=0x120 impl=0xb rev=0xa1 gpc=1 tpc/gpc=2 big_page=0x20000 as_big_page=0x20000 va_bits=40
== t_vulkan ==
  ok   probe: horizon_gpu_device_create -> 0
[horizon_gpu:I] channel 0x2102b9a050: created, syncpt id=1 (live channels now 1)
[horizon_gpu:E] initial SyncptRead(1) failed: 0x0000055c
  note probe: horizon_gpu_channel_create -> 4; this platform does not implement the syncpoint read
  note DEGRADED RUN: untrusted syncpoint baselines enabled so the steps after vkCreateDevice can be exercised. Fences are guesses from here on; this run cannot satisfy the Phase 4 exit criterion whatever it prints.
  ok   the non-conformance opt-in is set in the environment
  ok   GetInstanceProcAddr(vkCreateInstance)
  ok   vkCreateInstance -> 0
  ok   VK_EXT_debug_utils entry points resolved
  ok   vkCreateDebugUtilsMessengerEXT -> 0 (driver errors will be reported below)
  ok   GetInstanceProcAddr(vkEnumeratePhysicalDevices)
  ok   GetInstanceProcAddr(vkGetPhysicalDeviceProperties)
  ok   GetInstanceProcAddr(vkGetPhysicalDeviceQueueFamilyProperties)
  ok   GetInstanceProcAddr(vkGetPhysicalDeviceMemoryProperties)
  ok   GetInstanceProcAddr(vkCreateDevice)
  ok   GetInstanceProcAddr(vkGetDeviceQueue)
  ok   GetInstanceProcAddr(vkCreateBuffer)
  ok   GetInstanceProcAddr(vkGetBufferMemoryRequirements)
  ok   GetInstanceProcAddr(vkAllocateMemory)
  ok   GetInstanceProcAddr(vkBindBufferMemory)
  ok   GetInstanceProcAddr(vkMapMemory)
  ok   GetInstanceProcAddr(vkCreateCommandPool)
  ok   GetInstanceProcAddr(vkAllocateCommandBuffers)
  ok   GetInstanceProcAddr(vkBeginCommandBuffer)
  ok   GetInstanceProcAddr(vkCmdFillBuffer)
  ok   GetInstanceProcAddr(vkEndCommandBuffer)
  ok   GetInstanceProcAddr(vkCreateFence)
  ok   GetInstanceProcAddr(vkQueueSubmit)
  ok   GetInstanceProcAddr(vkWaitForFences)
  ok   GetInstanceProcAddr(vkFlushMappedMemoryRanges)
  ok   GetInstanceProcAddr(vkInvalidateMappedMemoryRanges)
  ok   GetInstanceProcAddr(vkDestroyFence)
  ok   GetInstanceProcAddr(vkDestroyCommandPool)
  ok   GetInstanceProcAddr(vkFreeMemory)
  ok   GetInstanceProcAddr(vkDestroyBuffer)
  ok   GetInstanceProcAddr(vkDestroyDevice)
  ok   GetInstanceProcAddr(vkDestroyInstance)
[horizon_gpu:E] untrusted syncpoint baselines are ALLOWED on this device: fences from a degraded channel are not measurements (synchronization.md § 9)
[horizon_gpu:I] device up: gm20b arch=0x120 impl=0xb rev=0xa1 gpc=1 tpc/gpc=2 big_page=0x20000 as_big_page=0x20000 va_bits=40
WARNING: NVK is not a conformant Vulkan implementation, testing use only.
  ok   vkEnumeratePhysicalDevices -> 0
  ok   one physical device, got 1
  ok   vkEnumeratePhysicalDevices(list) -> 0
  note device: NVIDIA gm20b (NVK gm20b) (api 1.3.354)
  ok   at least one queue family, got 1
[horizon_gpu:I] channel 0x2102ba36e0: created, syncpt id=1 (live channels now 1)
[horizon_gpu:E] initial SyncptRead(1) failed: 0x0000055c
[horizon_gpu:E] channel 0x2102ba36e0: continuing with an UNTRUSTED syncpoint baseline of 0 (opt-in); its fences are not measurements
[horizon_gpu:I] channel 0x2102ba36e0: up, syncpt=1 initial=0 (UNTRUSTED) zcull=off
alloc va [0x8001000, 0x8002000)
bind vma mem<0xc>[0x0, 0x1000) to [0x8001000, 0x8002000)
alloc va [0x8002000, 0xa002000)
alloc va [0xa002000, 0xa012000)
bind vma mem<0x10>[0x0, 0x10000) to [0xa002000, 0xa012000)
bind vma mem<0x10>[0x0, 0x10000) to [0x8002000, 0x8012000)
alloc va [0xa012000, 0xa032000)
alloc va [0xa032000, 0xa042000)
bind vma mem<0x14>[0x0, 0x10000) to [0xa032000, 0xa042000)
bind vma mem<0x14>[0x0, 0x10000) to [0xa012000, 0xa022000)
alloc va [0xa042000, 0xa052000)
bind vma mem<0x18>[0x0, 0x10000) to [0xa042000, 0xa052000)
bind vma mem<0x18>[0x0, 0x10000) to [0xa022000, 0xa032000)
MESA: error: nvkmd_horizon: reservation [0xa052000, 0x10a052000) overlaps the shader local/shared memory window [0xfe000000, 0x100000000). Shader local and shared accesses go through that aperture; anything bound here will be read as locals and vice versa.
alloc va [0xa052000, 0x10a052000)
[horizon_gpu:I] channel 0x2102be3020: created, syncpt id=2 (live channels now 2)
[horizon_gpu:E] initial SyncptRead(2) failed: 0x0000055c
[horizon_gpu:E] channel 0x2102be3020: continuing with an UNTRUSTED syncpoint baseline of 0 (opt-in); its fences are not measurements
[horizon_gpu:I] channel 0x2102be3020: up, syncpt=2 initial=0 (UNTRUSTED) zcull=off
alloc va [0x10a053000, 0x10a054000)
bind vma mem<0x20>[0x0, 0x1000) to [0x10a053000, 0x10a054000)
alloc va [0x10a054000, 0x10a064000)
bind vma mem<0x24>[0x0, 0x10000) to [0x10a054000, 0x10a064000)
[0x00000000] HDR 20010000 subch 0 NINC
	mthd 0000 NV906F_SET_OBJECT
		.NVCLASS = (0xb197)
		.ENGINE = 0x0

[0x00000002] HDR 20020047 subch 0 NINC
	mthd 011c NV9097_LOAD_MME_START_ADDRESS_RAM_POINTER
		.V = (0x0)
	mthd 0120 NV9097_LOAD_MME_START_ADDRESS_RAM
		.V = (0x0)

[0x00000005] HDR a0090045 subch 0 1INC
	mthd 0114 NV9097_LOAD_MME_INSTRUCTION_RAM_POINTER
		.V = (0x0)
	mthd 0118 NV9097_LOAD_MME_INSTRUCTION_RAM
		.V = (0x3464215)
	mthd 0118 NV9097_LOAD_MME_INSTRUCTION_RAM
		.V = (0x3468315)
	mthd 0118 NV9097_LOAD_MME_INSTRUCTION_RAM
		.V = (0x6380021)
	mthd 0118 NV9097_LOAD_MME_INSTRUCTION_RAM
		.V = (0x2000441)
	mthd 0118 NV9097_LOAD_MME_INSTRUCTION_RAM
		.V = (0x1040)
	mthd 0118 NV9097_LOAD_MME_INSTRUCTION_RAM
		.V = (0x1840)
	mthd 0118 NV9097_LOAD_MME_INSTRUCTION_RAM
		.V = (0x90)
	mthd 0118 NV9097_LOAD_MME_INSTRUCTION_RAM
		.V = (0x10)

[0x0000000f] HDR 20020047 subch 0 NINC
	mthd 011c NV9097_LOAD_MME_START_ADDRESS_RAM_POINTER
		.V = (0x1)
	mthd 0120 NV9097_LOAD_MME_START_ADDRESS_RAM
		.V = (0x8)

[0x00000012] HDR a0160045 subch 0 1INC
	mthd 0114 NV9097_LOAD_MME_INSTRUCTION_RAM_POINTER
		.V = (0x8)
	mthd 0118 NV9097_LOAD_MME_INSTRUCTION_RAM
		.V = (0x200)
	mthd 0118 NV9097_LOAD_MME_INSTRUCTION_RAM
		.V = (0x300)
	mthd 0118 NV9097_LOAD_MME_INSTRUCTION_RAM
		.V = (0x400)
	mthd 0118 NV9097_LOAD_MME_INSTRUCTION_RAM
		.V = (0xa037)
	mthd 0118 NV9097_LOAD_MME_INSTRUCTION_RAM
		.V = (0x21484512)
	mthd 0118 NV9097_LOAD_MME_INSTRUCTION_RAM
		.V = (0x2e027)
	mthd 0118 NV9097_LOAD_MME_INSTRUCTION_RAM
		.V = (0xc0000711)
	mthd 0118 NV9097_LOAD_MME_INSTRUCTION_RAM
		.V = (0x15e610)
	mthd 0118 NV9097_LOAD_MME_INSTRUCTION_RAM
		.V = (0xb027)
	mthd 0118 NV9097_LOAD_MME_INSTRUCTION_RAM
		.V = (0x40000411)
	mthd 0118 NV9097_LOAD_MME_INSTRUCTION_RAM
		.V = (0x6380021)
	mthd 0118 NV9097_LOAD_MME_INSTRUCTION_RAM
		.V = (0x2040)
	mthd 0118 NV9097_LOAD_MME_INSTRUCTION_RAM
		.V = (0x1840)
	mthd 0118 NV9097_LOAD_MME_INSTRUCTION_RAM
		.V = (0x1040)
	mthd 0118 NV9097_LOAD_MME_INSTRUCTION_RAM
		.V = (0x4711)
	mthd 0118 NV9097_LOAD_MME_INSTRUCTION_RAM
		.V = (0x21487d12)
	mthd 0118 NV9097_LOAD_MME_INSTRUCTION_RAM
		.V = (0x19004212)
	mthd 0118 NV9097_LOAD_MME_INSTRUCTION_RAM
		.V = (0x6411021)
	mthd 0118 NV9097_LOAD_MME_INSTRUCTION_RAM
		.V = (0x2840)
	mthd 0118 NV9097_LOAD_MME_INSTRUCTION_RAM
		.V = (0x90)
	mthd 0118 NV9097_LOAD_MME_INSTRUCTION_RAM
		.V = (0x10)

[0x00000029] HDR 20020047 subch 0 NINC
	mthd 011c NV9097_LOAD_MME_START_ADDRESS_RAM_POINTER
		.V = (0x2)
	mthd 0120 NV9097_LOAD_MME_START_ADDRESS_RAM
		.V = (0x1d)

[0x0000002c] HDR a01a0045 subch 0 1INC
	mthd 0114 NV9097_LOAD_MME_INSTRUCTION_RAM_POINTER
		.V = (0x1d)
	mthd 0118 NV9097_LOAD_MME_INSTRUCTION_RAM
		.V = (0x3420215)
	mthd 0118 NV9097_LOAD_MME_INSTRUCTION_RAM
		.V = (0x25037)
	mthd 0118 NV9097_LOAD_MME_INSTRUCTION_RAM
		.V = (0x300)
	mthd 0118 NV9097_LOAD_MME_INSTRUCTION_RAM
		.V = (0x1c10)
	mthd 0118 NV9097_LOAD_MME_INSTRUCTION_RAM
		.V = (0x14027)
	mthd 0118 NV9097_LOAD_MME_INSTRUCTION_RAM
		.V = (0x59d0021)
	mthd 0118 NV9097_LOAD_MME_INSTRUCTION_RAM
		.V = (0x840)
	mthd 0118 NV9097_LOAD_MME_INSTRUCTION_RAM
		.V = (0x1000911)
	mthd 0118 NV9097_LOAD_MME_INSTRUCTION_RAM
		.V = (0xffffe411)
	mthd 0118 NV9097_LOAD_MME_INSTRUCTION_RAM
		.V = (0xffff2037)
	mthd 0118 NV9097_LOAD_MME_INSTRUCTION_RAM
		.V = (0x31027)
	mthd 0118 NV9097_LOAD_MME_INSTRUCTION_RAM
		.V = (0x4311)
	mthd 0118 NV9097_LOAD_MME_INSTRUCTION_RAM
		.V = (0x80411)
	mthd 0118 NV9097_LOAD_MME_INSTRUCTION_RAM
		.V = (0x20027)
	mthd 0118 NV9097_LOAD_MME_INSTRUCTION_RAM
		.V = (0x14d510)
	mthd 0118 NV9097_LOAD_MME_INSTRUCTION_RAM
		.V = (0xe827)
	mthd 0118 NV9097_LOAD_MME_INSTRUCTION_RAM
		.V = (0x59d0021)
	mthd 0118 NV9097_LOAD_MME_INSTRUCTION_RAM
		.V = (0x840)
	mthd 0118 NV9097_LOAD_MME_INSTRUCTION_RAM
		.V = (0x1000911)
	mthd 0118 NV9097_LOAD_MME_INSTRUCTION_RAM
		.V = (0xfc0c313)
	mthd 0118 NV9097_LOAD_MME_INSTRUCTION_RAM
		.V = (0xffffe411)
	mthd 0118 NV9097_LOAD_MME_INSTRUCTION_RAM
		.V = (0xfffe6037)
	mthd 0118 NV9097_LOAD_MME_INSTRUCTION_RAM
		.V = (0x10)
	mthd 0118 NV9097_LOAD_MME_INSTRUCTION_RAM
		.V = (0x90)
	mthd 0118 NV9097_LOAD_MME_INSTRUCTION_RAM
		.V = (0x10)

[0x00000047] HDR 20020047 subch 0 NINC
	mthd 011c NV9097_LOAD_MME_START_ADDRESS_RAM_POINTER
		.V = (0x3)
	mthd 0120 NV9097_LOAD_MME_START_ADDRESS_RAM
		.V = (0x36)

[0x0000004a] HDR a0070045 subch 0 1INC
	mthd 0114 NV9097_LOAD_MME_INSTRUCTION_RAM_POINTER
		.V = (0x36)
	mthd 0118 NV9097_LOAD_MME_INSTRUCTION_RAM
		.V = (0x3430215)
	mthd 0118 NV9097_LOAD_MME_INSTRUCTION_RAM
		.V = (0x145310)
	mthd 0118 NV9097_LOAD_MME_INSTRUCTION_RAM
		.V = (0x594c021)
	mthd 0118 NV9097_LOAD_MME_INSTRUCTION_RAM
		.V = (0x1840)
	mthd 0118 NV9097_LOAD_MME_INSTRUCTION_RAM
		.V = (0x90)
	mthd 0118 NV9097_LOAD_MME_INSTRUCTION_RAM
		.V = (0x10)

[0x00000052] HDR 20020047 subch 0 NINC
	mthd 011c NV9097_LOAD_MME_START_ADDRESS_RAM_POINTER
		.V = (0x4)
	mthd 0120 NV9097_LOAD_MME_START_ADDRESS_RAM
		.V = (0x3c)

[0x00000055] HDR a02e0045 subch 0 1INC
	mthd 0114 NV9097_LOAD_MME_INSTRUCTION_RAM_POINTER
		.V = (0x3c)
	mthd 0118 NV9097_LOAD_MME_INSTRUCTION_RAM
		.V = (0x200)
	mthd 0118 NV9097_LOAD_MME_INSTRUCTION_RAM
		.V = (0x300)
	mthd 0118 NV9097_LOAD_MME_INSTRUCTION_RAM
		.V = (0x125410)
	mthd 0118 NV9097_LOAD_MME_INSTRUCTION_RAM
		.V = (0xa037)
	mthd 0118 NV9097_LOAD_MME_INSTRUCTION_RAM
		.V = (0x310)
	mthd 0118 NV9097_LOAD_MME_INSTRUCTION_RAM
		.V = (0xd837)
	mthd 0118 NV9097_LOAD_MME_INSTRUCTION_RAM
		.V = (0x346c115)
	mthd 0118 NV9097_LOAD_MME_INSTRUCTION_RAM
		.V = (0x3470215)
	mthd 0118 NV9097_LOAD_MME_INSTRUCTION_RAM
		.V = (0x57c8021)
	mthd 0118 NV9097_LOAD_MME_INSTRUCTION_RAM
		.V = (0x840)
	mthd 0118 NV9097_LOAD_MME_INSTRUCTION_RAM
		.V = (0x1040)
	mthd 0118 NV9097_LOAD_MME_INSTRUCTION_RAM
		.V = (0xd210)
	mthd 0118 NV9097_LOAD_MME_INSTRUCTION_RAM
		.V = (0x20910)
	mthd 0118 NV9097_LOAD_MME_INSTRUCTION_RAM
		.V = (0xffffc411)
	mthd 0118 NV9097_LOAD_MME_INSTRUCTION_RAM
		.V = (0x11210)
	mthd 0118 NV9097_LOAD_MME_INSTRUCTION_RAM
		.V = (0xffffc411)
	mthd 0118 NV9097_LOAD_MME_INSTRUCTION_RAM
		.V = (0x30940)
	mthd 0118 NV9097_LOAD_MME_INSTRUCTION_RAM
		.V = (0x1040)
	mthd 0118 NV9097_LOAD_MME_INSTRUCTION_RAM
		.V = (0x100)
	mthd 0118 NV9097_LOAD_MME_INSTRUCTION_RAM
		.V = (0xffffc211)
	mthd 0118 NV9097_LOAD_MME_INSTRUCTION_RAM
		.V = (0x8311)
	mthd 0118 NV9097_LOAD_MME_INSTRUCTION_RAM
		.V = (0xc837)
	mthd 0118 NV9097_LOAD_MME_INSTRUCTION_RAM
		.V = (0x3fffc211)
	mthd 0118 NV9097_LOAD_MME_INSTRUCTION_RAM
		.V = (0x4311)
	mthd 0118 NV9097_LOAD_MME_INSTRUCTION_RAM
		.V = (0xfff1cc11)
	mthd 0118 NV9097_LOAD_MME_INSTRUCTION_RAM
		.V = (0xe037)
	mthd 0118 NV9097_LOAD_MME_INSTRUCTION_RAM
		.V = (0x3fffc211)
	mthd 0118 NV9097_LOAD_MME_INSTRUCTION_RAM
		.V = (0x4311)
	mthd 0118 NV9097_LOAD_MME_INSTRUCTION_RAM
		.V = (0xee78511)
	mthd 0118 NV9097_LOAD_MME_INSTRUCTION_RAM
		.V = (0x87c14513)
	mthd 0118 NV9097_LOAD_MME_INSTRUCTION_RAM
		.V = (0x354a2d11)
	mthd 0118 NV9097_LOAD_MME_INSTRUCTION_RAM
		.V = (0x114c10)
	mthd 0118 NV9097_LOAD_MME_INSTRUCTION_RAM
		.V = (0xe037)
	mthd 0118 NV9097_LOAD_MME_INSTRUCTION_RAM
		.V = (0x3fc211)
	mthd 0118 NV9097_LOAD_MME_INSTRUCTION_RAM
		.V = (0x310)
	mthd 0118 NV9097_LOAD_MME_INSTRUCTION_RAM
		.V = (0xfff08c11)
	mthd 0118 NV9097_LOAD_MME_INSTRUCTION_RAM
		.V = (0xe037)
	mthd 0118 NV9097_LOAD_MME_INSTRUCTION_RAM
		.V = (0x3fc211)
	mthd 0118 NV9097_LOAD_MME_INSTRUCTION_RAM
		.V = (0x310)
	mthd 0118 NV9097_LOAD_MME_INSTRUCTION_RAM
		.V = (0x5648021)
	mthd 0118 NV9097_LOAD_MME_INSTRUCTION_RAM
		.V = (0x1040)
	mthd 0118 NV9097_LOAD_MME_INSTRUCTION_RAM
		.V = (0x57d8021)
	mthd 0118 NV9097_LOAD_MME_INSTRUCTION_RAM
		.V = (0x1840)
	mthd 0118 NV9097_LOAD_MME_INSTRUCTION_RAM
		.V = (0x90)
	mthd 0118 NV9097_LOAD_MME_INSTRUCTION_RAM
		.V = (0x10)

[0x00000084] HDR 20020047 subch 0 NINC
	mthd 011c NV9097_LOAD_MME_START_ADDRESS_RAM_POINTER
		.V = (0x5)
	mthd 0120 NV9097_LOAD_MME_START_ADDRESS_RAM
		.V = (0x69)

[0x00000087] HDR a01a0045 subch 0 1INC
	mthd 0114 NV9097_LOAD_MME_INSTRUCTION_RAM_POINTER
		.V = (0x69)
	mthd 0118 NV9097_LOAD_MME_INSTRUCTION_RAM
		.V = (0x200)
	mthd 0118 NV9097_LOAD_MME_INSTRUCTION_RAM
		.V = (0x300)
	mthd 0118 NV9097_LOAD_MME_INSTRUCTION_RAM
		.V = (0x400)
	mthd 0118 NV9097_LOAD_MME_INSTRUCTION_RAM
		.V = (0x129d10)
	mthd 0118 NV9097_LOAD_MME_INSTRUCTION_RAM
		.V = (0xa837)
	mthd 0118 NV9097_LOAD_MME_INSTRUCTION_RAM
		.V = (0x410)
	mthd 0118 NV9097_LOAD_MME_INSTRUCTION_RAM
		.V = (0xe037)
	mthd 0118 NV9097_LOAD_MME_INSTRUCTION_RAM
		.V = (0x346c215)
	mthd 0118 NV9097_LOAD_MME_INSTRUCTION_RAM
		.V = (0x3470315)
	mthd 0118 NV9097_LOAD_MME_INSTRUCTION_RAM
		.V = (0x17c04513)
	mthd 0118 NV9097_LOAD_MME_INSTRUCTION_RAM
		.V = (0x5c06821)
	mthd 0118 NV9097_LOAD_MME_INSTRUCTION_RAM
		.V = (0x1040)
	mthd 0118 NV9097_LOAD_MME_INSTRUCTION_RAM
		.V = (0x1840)
	mthd 0118 NV9097_LOAD_MME_INSTRUCTION_RAM
		.V = (0x11b10)
	mthd 0118 NV9097_LOAD_MME_INSTRUCTION_RAM
		.V = (0x21210)
	mthd 0118 NV9097_LOAD_MME_INSTRUCTION_RAM
		.V = (0xffffc511)
	mthd 0118 NV9097_LOAD_MME_INSTRUCTION_RAM
		.V = (0x15b10)
	mthd 0118 NV9097_LOAD_MME_INSTRUCTION_RAM
		.V = (0xffffc511)
	mthd 0118 NV9097_LOAD_MME_INSTRUCTION_RAM
		.V = (0x35210)
	mthd 0118 NV9097_LOAD_MME_INSTRUCTION_RAM
		.V = (0xfc04513)
	mthd 0118 NV9097_LOAD_MME_INSTRUCTION_RAM
		.V = (0x5f02821)
	mthd 0118 NV9097_LOAD_MME_INSTRUCTION_RAM
		.V = (0x1040)
	mthd 0118 NV9097_LOAD_MME_INSTRUCTION_RAM
		.V = (0x1840)
	mthd 0118 NV9097_LOAD_MME_INSTRUCTION_RAM
		.V = (0x90)
	mthd 0118 NV9097_LOAD_MME_INSTRUCTION_RAM
		.V = (0x10)

[0x000000a2] HDR 20020047 subch 0 NINC
	mthd 011c NV9097_LOAD_MME_START_ADDRESS_RAM_POINTER
		.V = (0x6)
	mthd 0120 NV9097_LOAD_MME_START_ADDRESS_RAM
		.V = (0x82)

[0x000000a5] HDR a0140045 subch 0 1INC
	mthd 0114 NV9097_LOAD_MME_INSTRUCTION_RAM_POINTER
		.V = (0x82)
	mthd 0118 NV9097_LOAD_MME_INSTRUCTION_RAM
		.V = (0x3434215)
	mthd 0118 NV9097_LOAD_MME_INSTRUCTION_RAM
		.V = (0x7434021)
	mthd 0118 NV9097_LOAD_MME_INSTRUCTION_RAM
		.V = (0x840)
	mthd 0118 NV9097_LOAD_MME_INSTRUCTION_RAM
		.V = (0x108b10)
	mthd 0118 NV9097_LOAD_MME_INSTRUCTION_RAM
		.V = (0x210)
	mthd 0118 NV9097_LOAD_MME_INSTRUCTION_RAM
		.V = (0x2c027)
	mthd 0118 NV9097_LOAD_MME_INSTRUCTION_RAM
		.V = (0x4511)
	mthd 0118 NV9097_LOAD_MME_INSTRUCTION_RAM
		.V = (0x155c10)
	mthd 0118 NV9097_LOAD_MME_INSTRUCTION_RAM
		.V = (0x16027)
	mthd 0118 NV9097_LOAD_MME_INSTRUCTION_RAM
		.V = (0x1c01515)
	mthd 0118 NV9097_LOAD_MME_INSTRUCTION_RAM
		.V = (0x60406d12)
	mthd 0118 NV9097_LOAD_MME_INSTRUCTION_RAM
		.V = (0x5c01021)
	mthd 0118 NV9097_LOAD_MME_INSTRUCTION_RAM
		.V = (0x2840)
	mthd 0118 NV9097_LOAD_MME_INSTRUCTION_RAM
		.V = (0x11211)
	mthd 0118 NV9097_LOAD_MME_INSTRUCTION_RAM
		.V = (0x7c2c314)
	mthd 0118 NV9097_LOAD_MME_INSTRUCTION_RAM
		.V = (0x7c24114)
	mthd 0118 NV9097_LOAD_MME_INSTRUCTION_RAM
		.V = (0xfffd9837)
	mthd 0118 NV9097_LOAD_MME_INSTRUCTION_RAM
		.V = (0x90)
	mthd 0118 NV9097_LOAD_MME_INSTRUCTION_RAM
		.V = (0x10)

[0x000000ba] HDR 20020047 subch 0 NINC
	mthd 011c NV9097_LOAD_MME_START_ADDRESS_RAM_POINTER
		.V = (0x7)
	mthd 0120 NV9097_LOAD_MME_START_ADDRESS_RAM
		.V = (0x95)

[0x000000bd] HDR a00b0045 subch 0 1INC
	mthd 0114 NV9097_LOAD_MME_INSTRUCTION_RAM_POINTER
		.V = (0x95)
	mthd 0118 NV9097_LOAD_MME_INSTRUCTION_RAM
		.V = (0x11604212)
	mthd 0118 NV9097_LOAD_MME_INSTRUCTION_RAM
		.V = (0x1c01315)
	mthd 0118 NV9097_LOAD_MME_INSTRUCTION_RAM
		.V = (0x3005c12)
	mthd 0118 NV9097_LOAD_MME_INSTRUCTION_RAM
		.V = (0x111d10)
	mthd 0118 NV9097_LOAD_MME_INSTRUCTION_RAM
		.V = (0xe827)
	mthd 0118 NV9097_LOAD_MME_INSTRUCTION_RAM
		.V = (0x5c01021)
	mthd 0118 NV9097_LOAD_MME_INSTRUCTION_RAM
		.V = (0x2040)
	mthd 0118 NV9097_LOAD_MME_INSTRUCTION_RAM
		.V = (0x10)
	mthd 0118 NV9097_LOAD_MME_INSTRUCTION_RAM
		.V = (0x90)
	mthd 0118 NV9097_LOAD_MME_INSTRUCTION_RAM
		.V = (0x10)

[0x000000c9] HDR 20020047 subch 0 NINC
	mthd 011c NV9097_LOAD_MME_START_ADDRESS_RAM_POINTER
		.V = (0x8)
	mthd 0120 NV9097_LOAD_MME_START_ADDRESS_RAM
		.V = (0x9f)

[0x000000cc] HDR a0230045 subch 0 1INC
	mthd 0114 NV9097_LOAD_MME_INSTRUCTION_RAM_POINTER
		.V = (0x9f)
	mthd 0118 NV9097_LOAD_MME_INSTRUCTION_RAM
		.V = (0x3438215)
	mthd 0118 NV9097_LOAD_MME_INSTRUCTION_RAM
		.V = (0x4204312)
	mthd 0118 NV9097_LOAD_MME_INSTRUCTION_RAM
		.V = (0x16d410)
	mthd 0118 NV9097_LOAD_MME_INSTRUCTION_RAM
		.V = (0x14cb10)
	mthd 0118 NV9097_LOAD_MME_INSTRUCTION_RAM
		.V = (0x12e410)
	mthd 0118 NV9097_LOAD_MME_INSTRUCTION_RAM
		.V = (0x10a110)
	mthd 0118 NV9097_LOAD_MME_INSTRUCTION_RAM
		.V = (0x64827)
	mthd 0118 NV9097_LOAD_MME_INSTRUCTION_RAM
		.V = (0x7438021)
	mthd 0118 NV9097_LOAD_MME_INSTRUCTION_RAM
		.V = (0x2040)
	mthd 0118 NV9097_LOAD_MME_INSTRUCTION_RAM
		.V = (0x2110112)
	mthd 0118 NV9097_LOAD_MME_INSTRUCTION_RAM
		.V = (0x126410)
	mthd 0118 NV9097_LOAD_MME_INSTRUCTION_RAM
		.V = (0x8111)
	mthd 0118 NV9097_LOAD_MME_INSTRUCTION_RAM
		.V = (0x4d0312)
	mthd 0118 NV9097_LOAD_MME_INSTRUCTION_RAM
		.V = (0x470512)
	mthd 0118 NV9097_LOAD_MME_INSTRUCTION_RAM
		.V = (0x10ed10)
	mthd 0118 NV9097_LOAD_MME_INSTRUCTION_RAM
		.V = (0xa827)
	mthd 0118 NV9097_LOAD_MME_INSTRUCTION_RAM
		.V = (0xc111)
	mthd 0118 NV9097_LOAD_MME_INSTRUCTION_RAM
		.V = (0x810312)
	mthd 0118 NV9097_LOAD_MME_INSTRUCTION_RAM
		.V = (0x9837)
	mthd 0118 NV9097_LOAD_MME_INSTRUCTION_RAM
		.V = (0x4111)
	mthd 0118 NV9097_LOAD_MME_INSTRUCTION_RAM
		.V = (0x450312)
	mthd 0118 NV9097_LOAD_MME_INSTRUCTION_RAM
		.V = (0x9827)
	mthd 0118 NV9097_LOAD_MME_INSTRUCTION_RAM
		.V = (0x110)
	mthd 0118 NV9097_LOAD_MME_INSTRUCTION_RAM
		.V = (0xcc311)
	mthd 0118 NV9097_LOAD_MME_INSTRUCTION_RAM
		.V = (0x14e410)
	mthd 0118 NV9097_LOAD_MME_INSTRUCTION_RAM
		.V = (0x40806412)
	mthd 0118 NV9097_LOAD_MME_INSTRUCTION_RAM
		.V = (0x890112)
	mthd 0118 NV9097_LOAD_MME_INSTRUCTION_RAM
		.V = (0xffff4b11)
	mthd 0118 NV9097_LOAD_MME_INSTRUCTION_RAM
		.V = (0xd827)
	mthd 0118 NV9097_LOAD_MME_INSTRUCTION_RAM
		.V = (0x4320021)
	mthd 0118 NV9097_LOAD_MME_INSTRUCTION_RAM
		.V = (0x2040)
	mthd 0118 NV9097_LOAD_MME_INSTRUCTION_RAM
		.V = (0x10)
	mthd 0118 NV9097_LOAD_MME_INSTRUCTION_RAM
		.V = (0x90)
	mthd 0118 NV9097_LOAD_MME_INSTRUCTION_RAM
		.V = (0x10)

[0x000000f0] HDR 20020047 subch 0 NINC
	mthd 011c NV9097_LOAD_MME_START_ADDRESS_RAM_POINTER
		.V = (0x9)
	mthd 0120 NV9097_LOAD_MME_START_ADDRESS_RAM
		.V = (0xc1)

[0x000000f3] HDR a0030045 subch 0 1INC
	mthd 0114 NV9097_LOAD_MME_INSTRUCTION_RAM_POINTER
		.V = (0xc1)
	mthd 0118 NV9097_LOAD_MME_INSTRUCTION_RAM
		.V = (0x90)
	mthd 0118 NV9097_LOAD_MME_INSTRUCTION_RAM
		.V = (0x10)

[0x000000f7] HDR 20020047 subch 0 NINC
	mthd 011c NV9097_LOAD_MME_START_ADDRESS_RAM_POINTER
		.V = (0xa)
	mthd 0120 NV9097_LOAD_MME_START_ADDRESS_RAM
		.V = (0xc3)

[0x000000fa] HDR a0460045 subch 0 1INC
	mthd 0114 NV9097_LOAD_MME_INSTRUCTION_RAM_POINTER
		.V = (0xc3)
	mthd 0118 NV9097_LOAD_MME_INSTRUCTION_RAM
		.V = (0x345c215)
	mthd 0118 NV9097_LOAD_MME_INSTRUCTION_RAM
		.V = (0x4204312)
	mthd 0118 NV9097_LOAD_MME_INSTRUCTION_RAM
		.V = (0x16d410)
	mthd 0118 NV9097_LOAD_MME_INSTRUCTION_RAM
		.V = (0x14cb10)
	mthd 0118 NV9097_LOAD_MME_INSTRUCTION_RAM
		.V = (0x12e410)
	mthd 0118 NV9097_LOAD_MME_INSTRUCTION_RAM
		.V = (0x10a110)
	mthd 0118 NV9097_LOAD_MME_INSTRUCTION_RAM
		.V = (0xf0827)
	mthd 0118 NV9097_LOAD_MME_INSTRUCTION_RAM
		.V = (0x745c021)
	mthd 0118 NV9097_LOAD_MME_INSTRUCTION_RAM
		.V = (0x2040)
	mthd 0118 NV9097_LOAD_MME_INSTRUCTION_RAM
		.V = (0x1010112)
	mthd 0118 NV9097_LOAD_MME_INSTRUCTION_RAM
		.V = (0x1090212)
	mthd 0118 NV9097_LOAD_MME_INSTRUCTION_RAM
		.V = (0x45310)
	mthd 0118 NV9097_LOAD_MME_INSTRUCTION_RAM
		.V = (0x7fec114)
	mthd 0118 NV9097_LOAD_MME_INSTRUCTION_RAM
		.V = (0x8827)
	mthd 0118 NV9097_LOAD_MME_INSTRUCTION_RAM
		.V = (0x310)
	mthd 0118 NV9097_LOAD_MME_INSTRUCTION_RAM
		.V = (0x110)
	mthd 0118 NV9097_LOAD_MME_INSTRUCTION_RAM
		.V = (0x9827)
	mthd 0118 NV9097_LOAD_MME_INSTRUCTION_RAM
		.V = (0x40111)
	mthd 0118 NV9097_LOAD_MME_INSTRUCTION_RAM
		.V = (0x4411)
	mthd 0118 NV9097_LOAD_MME_INSTRUCTION_RAM
		.V = (0x7c11c14)
	mthd 0118 NV9097_LOAD_MME_INSTRUCTION_RAM
		.V = (0x1010912)
	mthd 0118 NV9097_LOAD_MME_INSTRUCTION_RAM
		.V = (0x4754021)
	mthd 0118 NV9097_LOAD_MME_INSTRUCTION_RAM
		.V = (0x840)
	mthd 0118 NV9097_LOAD_MME_INSTRUCTION_RAM
		.V = (0x638c021)
	mthd 0118 NV9097_LOAD_MME_INSTRUCTION_RAM
		.V = (0x60141)
	mthd 0118 NV9097_LOAD_MME_INSTRUCTION_RAM
		.V = (0x6390021)
	mthd 0118 NV9097_LOAD_MME_INSTRUCTION_RAM
		.V = (0x4d110)
	mthd 0118 NV9097_LOAD_MME_INSTRUCTION_RAM
		.V = (0x34837)
	mthd 0118 NV9097_LOAD_MME_INSTRUCTION_RAM
		.V = (0x8211)
	mthd 0118 NV9097_LOAD_MME_INSTRUCTION_RAM
		.V = (0x87c08213)
	mthd 0118 NV9097_LOAD_MME_INSTRUCTION_RAM
		.V = (0x5241)
	mthd 0118 NV9097_LOAD_MME_INSTRUCTION_RAM
		.V = (0x20211)
	mthd 0118 NV9097_LOAD_MME_INSTRUCTION_RAM
		.V = (0x87c08213)
	mthd 0118 NV9097_LOAD_MME_INSTRUCTION_RAM
		.V = (0x11241)
	mthd 0118 NV9097_LOAD_MME_INSTRUCTION_RAM
		.V = (0x80211)
	mthd 0118 NV9097_LOAD_MME_INSTRUCTION_RAM
		.V = (0x87c08213)
	mthd 0118 NV9097_LOAD_MME_INSTRUCTION_RAM
		.V = (0x41241)
	mthd 0118 NV9097_LOAD_MME_INSTRUCTION_RAM
		.V = (0x200211)
	mthd 0118 NV9097_LOAD_MME_INSTRUCTION_RAM
		.V = (0x87c08213)
	mthd 0118 NV9097_LOAD_MME_INSTRUCTION_RAM
		.V = (0x101241)
	mthd 0118 NV9097_LOAD_MME_INSTRUCTION_RAM
		.V = (0x68827)
	mthd 0118 NV9097_LOAD_MME_INSTRUCTION_RAM
		.V = (0x15837)
	mthd 0118 NV9097_LOAD_MME_INSTRUCTION_RAM
		.V = (0xffffc241)
	mthd 0118 NV9097_LOAD_MME_INSTRUCTION_RAM
		.V = (0xffffc241)
	mthd 0118 NV9097_LOAD_MME_INSTRUCTION_RAM
		.V = (0xffffc241)
	mthd 0118 NV9097_LOAD_MME_INSTRUCTION_RAM
		.V = (0xffffc241)
	mthd 0118 NV9097_LOAD_MME_INSTRUCTION_RAM
		.V = (0xffffda11)
	mthd 0118 NV9097_LOAD_MME_INSTRUCTION_RAM
		.V = (0x25037)
	mthd 0118 NV9097_LOAD_MME_INSTRUCTION_RAM
		.V = (0x343c215)
	mthd 0118 NV9097_LOAD_MME_INSTRUCTION_RAM
		.V = (0x1040)
	mthd 0118 NV9097_LOAD_MME_INSTRUCTION_RAM
		.V = (0x3440215)
	mthd 0118 NV9097_LOAD_MME_INSTRUCTION_RAM
		.V = (0x1040)
	mthd 0118 NV9097_LOAD_MME_INSTRUCTION_RAM
		.V = (0x3444215)
	mthd 0118 NV9097_LOAD_MME_INSTRUCTION_RAM
		.V = (0x1040)
	mthd 0118 NV9097_LOAD_MME_INSTRUCTION_RAM
		.V = (0x3448215)
	mthd 0118 NV9097_LOAD_MME_INSTRUCTION_RAM
		.V = (0x1040)
	mthd 0118 NV9097_LOAD_MME_INSTRUCTION_RAM
		.V = (0xffff9a11)
	mthd 0118 NV9097_LOAD_MME_INSTRUCTION_RAM
		.V = (0x25037)
	mthd 0118 NV9097_LOAD_MME_INSTRUCTION_RAM
		.V = (0x344c215)
	mthd 0118 NV9097_LOAD_MME_INSTRUCTION_RAM
		.V = (0x1040)
	mthd 0118 NV9097_LOAD_MME_INSTRUCTION_RAM
		.V = (0x3450215)
	mthd 0118 NV9097_LOAD_MME_INSTRUCTION_RAM
		.V = (0x1040)
	mthd 0118 NV9097_LOAD_MME_INSTRUCTION_RAM
		.V = (0x3454215)
	mthd 0118 NV9097_LOAD_MME_INSTRUCTION_RAM
		.V = (0x1040)
	mthd 0118 NV9097_LOAD_MME_INSTRUCTION_RAM
		.V = (0x3458215)
	mthd 0118 NV9097_LOAD_MME_INSTRUCTION_RAM
		.V = (0x1040)
	mthd 0118 NV9097_LOAD_MME_INSTRUCTION_RAM
		.V = (0x10)
	mthd 0118 NV9097_LOAD_MME_INSTRUCTION_RAM
		.V = (0x90)
	mthd 0118 NV9097_LOAD_MME_INSTRUCTION_RAM
		.V = (0x10)

[0x00000141] HDR 20020047 subch 0 NINC
	mthd 011c NV9097_LOAD_MME_START_ADDRESS_RAM_POINTER
		.V = (0xb)
	mthd 0120 NV9097_LOAD_MME_START_ADDRESS_RAM
		.V = (0x108)

[0x00000144] HDR a0560045 subch 0 1INC
	mthd 0114 NV9097_LOAD_MME_INSTRUCTION_RAM_POINTER
		.V = (0x108)
	mthd 0118 NV9097_LOAD_MME_INSTRUCTION_RAM
		.V = (0x200)
	mthd 0118 NV9097_LOAD_MME_INSTRUCTION_RAM
		.V = (0x300)
	mthd 0118 NV9097_LOAD_MME_INSTRUCTION_RAM
		.V = (0x400)
	mthd 0118 NV9097_LOAD_MME_INSTRUCTION_RAM
		.V = (0x500)
	mthd 0118 NV9097_LOAD_MME_INSTRUCTION_RAM
		.V = (0x7474021)
	mthd 0118 NV9097_LOAD_MME_INSTRUCTION_RAM
		.V = (0x2040)
	mthd 0118 NV9097_LOAD_MME_INSTRUCTION_RAM
		.V = (0x638c021)
	mthd 0118 NV9097_LOAD_MME_INSTRUCTION_RAM
		.V = (0x40)
	mthd 0118 NV9097_LOAD_MME_INSTRUCTION_RAM
		.V = (0x6390021)
	mthd 0118 NV9097_LOAD_MME_INSTRUCTION_RAM
		.V = (0x2040)
	mthd 0118 NV9097_LOAD_MME_INSTRUCTION_RAM
		.V = (0x5438021)
	mthd 0118 NV9097_LOAD_MME_INSTRUCTION_RAM
		.V = (0x2840)
	mthd 0118 NV9097_LOAD_MME_INSTRUCTION_RAM
		.V = (0x638c021)
	mthd 0118 NV9097_LOAD_MME_INSTRUCTION_RAM
		.V = (0x10641)
	mthd 0118 NV9097_LOAD_MME_INSTRUCTION_RAM
		.V = (0x6390021)
	mthd 0118 NV9097_LOAD_MME_INSTRUCTION_RAM
		.V = (0x2840)
	mthd 0118 NV9097_LOAD_MME_INSTRUCTION_RAM
		.V = (0x7478021)
	mthd 0118 NV9097_LOAD_MME_INSTRUCTION_RAM
		.V = (0x840)
	mthd 0118 NV9097_LOAD_MME_INSTRUCTION_RAM
		.V = (0x638c021)
	mthd 0118 NV9097_LOAD_MME_INSTRUCTION_RAM
		.V = (0x20641)
	mthd 0118 NV9097_LOAD_MME_INSTRUCTION_RAM
		.V = (0x6390021)
	mthd 0118 NV9097_LOAD_MME_INSTRUCTION_RAM
		.V = (0x840)
	mthd 0118 NV9097_LOAD_MME_INSTRUCTION_RAM
		.V = (0x747c021)
	mthd 0118 NV9097_LOAD_MME_INSTRUCTION_RAM
		.V = (0x40)
	mthd 0118 NV9097_LOAD_MME_INSTRUCTION_RAM
		.V = (0x638c021)
	mthd 0118 NV9097_LOAD_MME_INSTRUCTION_RAM
		.V = (0x30641)
	mthd 0118 NV9097_LOAD_MME_INSTRUCTION_RAM
		.V = (0x6390021)
	mthd 0118 NV9097_LOAD_MME_INSTRUCTION_RAM
		.V = (0x40)
	mthd 0118 NV9097_LOAD_MME_INSTRUCTION_RAM
		.V = (0x5434021)
	mthd 0118 NV9097_LOAD_MME_INSTRUCTION_RAM
		.V = (0x40)
	mthd 0118 NV9097_LOAD_MME_INSTRUCTION_RAM
		.V = (0x5118021)
	mthd 0118 NV9097_LOAD_MME_INSTRUCTION_RAM
		.V = (0x40)
	mthd 0118 NV9097_LOAD_MME_INSTRUCTION_RAM
		.V = (0x741c021)
	mthd 0118 NV9097_LOAD_MME_INSTRUCTION_RAM
		.V = (0x840)
	mthd 0118 NV9097_LOAD_MME_INSTRUCTION_RAM
		.V = (0x3420115)
	mthd 0118 NV9097_LOAD_MME_INSTRUCTION_RAM
		.V = (0x3c837)
	mthd 0118 NV9097_LOAD_MME_INSTRUCTION_RAM
		.V = (0x110)
	mthd 0118 NV9097_LOAD_MME_INSTRUCTION_RAM
		.V = (0x1d10)
	mthd 0118 NV9097_LOAD_MME_INSTRUCTION_RAM
		.V = (0x2c027)
	mthd 0118 NV9097_LOAD_MME_INSTRUCTION_RAM
		.V = (0x5618021)
	mthd 0118 NV9097_LOAD_MME_INSTRUCTION_RAM
		.V = (0x840)
	mthd 0118 NV9097_LOAD_MME_INSTRUCTION_RAM
		.V = (0x4d74021)
	mthd 0118 NV9097_LOAD_MME_INSTRUCTION_RAM
		.V = (0x2040)
	mthd 0118 NV9097_LOAD_MME_INSTRUCTION_RAM
		.V = (0x1040)
	mthd 0118 NV9097_LOAD_MME_INSTRUCTION_RAM
		.V = (0x5614021)
	mthd 0118 NV9097_LOAD_MME_INSTRUCTION_RAM
		.V = (0x40)
	mthd 0118 NV9097_LOAD_MME_INSTRUCTION_RAM
		.V = (0x4611)
	mthd 0118 NV9097_LOAD_MME_INSTRUCTION_RAM
		.V = (0xd0818912)
	mthd 0118 NV9097_LOAD_MME_INSTRUCTION_RAM
		.V = (0xffffed11)
	mthd 0118 NV9097_LOAD_MME_INSTRUCTION_RAM
		.V = (0xfffda837)
	mthd 0118 NV9097_LOAD_MME_INSTRUCTION_RAM
		.V = (0x3420115)
	mthd 0118 NV9097_LOAD_MME_INSTRUCTION_RAM
		.V = (0x7c827)
	mthd 0118 NV9097_LOAD_MME_INSTRUCTION_RAM
		.V = (0x110)
	mthd 0118 NV9097_LOAD_MME_INSTRUCTION_RAM
		.V = (0x6c027)
	mthd 0118 NV9097_LOAD_MME_INSTRUCTION_RAM
		.V = (0x3420515)
	mthd 0118 NV9097_LOAD_MME_INSTRUCTION_RAM
		.V = (0x414e13)
	mthd 0118 NV9097_LOAD_MME_INSTRUCTION_RAM
		.V = (0x5f027)
	mthd 0118 NV9097_LOAD_MME_INSTRUCTION_RAM
		.V = (0x747c021)
	mthd 0118 NV9097_LOAD_MME_INSTRUCTION_RAM
		.V = (0x840)
	mthd 0118 NV9097_LOAD_MME_INSTRUCTION_RAM
		.V = (0x638c021)
	mthd 0118 NV9097_LOAD_MME_INSTRUCTION_RAM
		.V = (0x30541)
	mthd 0118 NV9097_LOAD_MME_INSTRUCTION_RAM
		.V = (0x6390021)
	mthd 0118 NV9097_LOAD_MME_INSTRUCTION_RAM
		.V = (0x840)
	mthd 0118 NV9097_LOAD_MME_INSTRUCTION_RAM
		.V = (0x55cc021)
	mthd 0118 NV9097_LOAD_MME_INSTRUCTION_RAM
		.V = (0x840)
	mthd 0118 NV9097_LOAD_MME_INSTRUCTION_RAM
		.V = (0x510)
	mthd 0118 NV9097_LOAD_MME_INSTRUCTION_RAM
		.V = (0x1e10)
	mthd 0118 NV9097_LOAD_MME_INSTRUCTION_RAM
		.V = (0x2c027)
	mthd 0118 NV9097_LOAD_MME_INSTRUCTION_RAM
		.V = (0x5618021)
	mthd 0118 NV9097_LOAD_MME_INSTRUCTION_RAM
		.V = (0x2840)
	mthd 0118 NV9097_LOAD_MME_INSTRUCTION_RAM
		.V = (0x4d74021)
	mthd 0118 NV9097_LOAD_MME_INSTRUCTION_RAM
		.V = (0x2040)
	mthd 0118 NV9097_LOAD_MME_INSTRUCTION_RAM
		.V = (0x1040)
	mthd 0118 NV9097_LOAD_MME_INSTRUCTION_RAM
		.V = (0x5614021)
	mthd 0118 NV9097_LOAD_MME_INSTRUCTION_RAM
		.V = (0x40)
	mthd 0118 NV9097_LOAD_MME_INSTRUCTION_RAM
		.V = (0x4711)
	mthd 0118 NV9097_LOAD_MME_INSTRUCTION_RAM
		.V = (0xd081ed12)
	mthd 0118 NV9097_LOAD_MME_INSTRUCTION_RAM
		.V = (0xfffff611)
	mthd 0118 NV9097_LOAD_MME_INSTRUCTION_RAM
		.V = (0xfffdb037)
	mthd 0118 NV9097_LOAD_MME_INSTRUCTION_RAM
		.V = (0x4911)
	mthd 0118 NV9097_LOAD_MME_INSTRUCTION_RAM
		.V = (0xfff80d11)
	mthd 0118 NV9097_LOAD_MME_INSTRUCTION_RAM
		.V = (0xfff96837)
	mthd 0118 NV9097_LOAD_MME_INSTRUCTION_RAM
		.V = (0x341c115)
	mthd 0118 NV9097_LOAD_MME_INSTRUCTION_RAM
		.V = (0x90)
	mthd 0118 NV9097_LOAD_MME_INSTRUCTION_RAM
		.V = (0x10)

[0x0000019b] HDR 20020047 subch 0 NINC
	mthd 011c NV9097_LOAD_MME_START_ADDRESS_RAM_POINTER
		.V = (0xc)
	mthd 0120 NV9097_LOAD_MME_START_ADDRESS_RAM
		.V = (0x15d)

[0x0000019e] HDR a0570045 subch 0 1INC
	mthd 0114 NV9097_LOAD_MME_INSTRUCTION_RAM_POINTER
		.V = (0x15d)
	mthd 0118 NV9097_LOAD_MME_INSTRUCTION_RAM
		.V = (0x200)
	mthd 0118 NV9097_LOAD_MME_INSTRUCTION_RAM
		.V = (0x300)
	mthd 0118 NV9097_LOAD_MME_INSTRUCTION_RAM
		.V = (0x400)
	mthd 0118 NV9097_LOAD_MME_INSTRUCTION_RAM
		.V = (0x500)
	mthd 0118 NV9097_LOAD_MME_INSTRUCTION_RAM
		.V = (0x600)
	mthd 0118 NV9097_LOAD_MME_INSTRUCTION_RAM
		.V = (0x7474021)
	mthd 0118 NV9097_LOAD_MME_INSTRUCTION_RAM
		.V = (0x2840)
	mthd 0118 NV9097_LOAD_MME_INSTRUCTION_RAM
		.V = (0x638c021)
	mthd 0118 NV9097_LOAD_MME_INSTRUCTION_RAM
		.V = (0x40)
	mthd 0118 NV9097_LOAD_MME_INSTRUCTION_RAM
		.V = (0x6390021)
	mthd 0118 NV9097_LOAD_MME_INSTRUCTION_RAM
		.V = (0x2840)
	mthd 0118 NV9097_LOAD_MME_INSTRUCTION_RAM
		.V = (0x5438021)
	mthd 0118 NV9097_LOAD_MME_INSTRUCTION_RAM
		.V = (0x3040)
	mthd 0118 NV9097_LOAD_MME_INSTRUCTION_RAM
		.V = (0x638c021)
	mthd 0118 NV9097_LOAD_MME_INSTRUCTION_RAM
		.V = (0x10741)
	mthd 0118 NV9097_LOAD_MME_INSTRUCTION_RAM
		.V = (0x6390021)
	mthd 0118 NV9097_LOAD_MME_INSTRUCTION_RAM
		.V = (0x3040)
	mthd 0118 NV9097_LOAD_MME_INSTRUCTION_RAM
		.V = (0x7478021)
	mthd 0118 NV9097_LOAD_MME_INSTRUCTION_RAM
		.V = (0x840)
	mthd 0118 NV9097_LOAD_MME_INSTRUCTION_RAM
		.V = (0x638c021)
	mthd 0118 NV9097_LOAD_MME_INSTRUCTION_RAM
		.V = (0x20741)
	mthd 0118 NV9097_LOAD_MME_INSTRUCTION_RAM
		.V = (0x6390021)
	mthd 0118 NV9097_LOAD_MME_INSTRUCTION_RAM
		.V = (0x840)
	mthd 0118 NV9097_LOAD_MME_INSTRUCTION_RAM
		.V = (0x747c021)
	mthd 0118 NV9097_LOAD_MME_INSTRUCTION_RAM
		.V = (0x40)
	mthd 0118 NV9097_LOAD_MME_INSTRUCTION_RAM
		.V = (0x638c021)
	mthd 0118 NV9097_LOAD_MME_INSTRUCTION_RAM
		.V = (0x30741)
	mthd 0118 NV9097_LOAD_MME_INSTRUCTION_RAM
		.V = (0x6390021)
	mthd 0118 NV9097_LOAD_MME_INSTRUCTION_RAM
		.V = (0x40)
	mthd 0118 NV9097_LOAD_MME_INSTRUCTION_RAM
		.V = (0x5434021)
	mthd 0118 NV9097_LOAD_MME_INSTRUCTION_RAM
		.V = (0x2840)
	mthd 0118 NV9097_LOAD_MME_INSTRUCTION_RAM
		.V = (0x5118021)
	mthd 0118 NV9097_LOAD_MME_INSTRUCTION_RAM
		.V = (0x2840)
	mthd 0118 NV9097_LOAD_MME_INSTRUCTION_RAM
		.V = (0x741c021)
	mthd 0118 NV9097_LOAD_MME_INSTRUCTION_RAM
		.V = (0x840)
	mthd 0118 NV9097_LOAD_MME_INSTRUCTION_RAM
		.V = (0x3420115)
	mthd 0118 NV9097_LOAD_MME_INSTRUCTION_RAM
		.V = (0x3c837)
	mthd 0118 NV9097_LOAD_MME_INSTRUCTION_RAM
		.V = (0x110)
	mthd 0118 NV9097_LOAD_MME_INSTRUCTION_RAM
		.V = (0x1d10)
	mthd 0118 NV9097_LOAD_MME_INSTRUCTION_RAM
		.V = (0x2c027)
	mthd 0118 NV9097_LOAD_MME_INSTRUCTION_RAM
		.V = (0x5618021)
	mthd 0118 NV9097_LOAD_MME_INSTRUCTION_RAM
		.V = (0x840)
	mthd 0118 NV9097_LOAD_MME_INSTRUCTION_RAM
		.V = (0x57dc021)
	mthd 0118 NV9097_LOAD_MME_INSTRUCTION_RAM
		.V = (0x2040)
	mthd 0118 NV9097_LOAD_MME_INSTRUCTION_RAM
		.V = (0x1040)
	mthd 0118 NV9097_LOAD_MME_INSTRUCTION_RAM
		.V = (0x5614021)
	mthd 0118 NV9097_LOAD_MME_INSTRUCTION_RAM
		.V = (0x40)
	mthd 0118 NV9097_LOAD_MME_INSTRUCTION_RAM
		.V = (0x4611)
	mthd 0118 NV9097_LOAD_MME_INSTRUCTION_RAM
		.V = (0xd0818912)
	mthd 0118 NV9097_LOAD_MME_INSTRUCTION_RAM
		.V = (0xffffed11)
	mthd 0118 NV9097_LOAD_MME_INSTRUCTION_RAM
		.V = (0xfffda837)
	mthd 0118 NV9097_LOAD_MME_INSTRUCTION_RAM
		.V = (0x3420115)
	mthd 0118 NV9097_LOAD_MME_INSTRUCTION_RAM
		.V = (0x7c827)
	mthd 0118 NV9097_LOAD_MME_INSTRUCTION_RAM
		.V = (0x110)
	mthd 0118 NV9097_LOAD_MME_INSTRUCTION_RAM
		.V = (0x6c027)
	mthd 0118 NV9097_LOAD_MME_INSTRUCTION_RAM
		.V = (0x3420515)
	mthd 0118 NV9097_LOAD_MME_INSTRUCTION_RAM
		.V = (0x414e13)
	mthd 0118 NV9097_LOAD_MME_INSTRUCTION_RAM
		.V = (0x5f027)
	mthd 0118 NV9097_LOAD_MME_INSTRUCTION_RAM
		.V = (0x747c021)
	mthd 0118 NV9097_LOAD_MME_INSTRUCTION_RAM
		.V = (0x840)
	mthd 0118 NV9097_LOAD_MME_INSTRUCTION_RAM
		.V = (0x638c021)
	mthd 0118 NV9097_LOAD_MME_INSTRUCTION_RAM
		.V = (0x30541)
	mthd 0118 NV9097_LOAD_MME_INSTRUCTION_RAM
		.V = (0x6390021)
	mthd 0118 NV9097_LOAD_MME_INSTRUCTION_RAM
		.V = (0x840)
	mthd 0118 NV9097_LOAD_MME_INSTRUCTION_RAM
		.V = (0x55cc021)
	mthd 0118 NV9097_LOAD_MME_INSTRUCTION_RAM
		.V = (0x840)
	mthd 0118 NV9097_LOAD_MME_INSTRUCTION_RAM
		.V = (0x510)
	mthd 0118 NV9097_LOAD_MME_INSTRUCTION_RAM
		.V = (0x1e10)
	mthd 0118 NV9097_LOAD_MME_INSTRUCTION_RAM
		.V = (0x2c027)
	mthd 0118 NV9097_LOAD_MME_INSTRUCTION_RAM
		.V = (0x5618021)
	mthd 0118 NV9097_LOAD_MME_INSTRUCTION_RAM
		.V = (0x2840)
	mthd 0118 NV9097_LOAD_MME_INSTRUCTION_RAM
		.V = (0x57dc021)
	mthd 0118 NV9097_LOAD_MME_INSTRUCTION_RAM
		.V = (0x2040)
	mthd 0118 NV9097_LOAD_MME_INSTRUCTION_RAM
		.V = (0x1040)
	mthd 0118 NV9097_LOAD_MME_INSTRUCTION_RAM
		.V = (0x5614021)
	mthd 0118 NV9097_LOAD_MME_INSTRUCTION_RAM
		.V = (0x40)
	mthd 0118 NV9097_LOAD_MME_INSTRUCTION_RAM
		.V = (0x4711)
	mthd 0118 NV9097_LOAD_MME_INSTRUCTION_RAM
		.V = (0xd081ed12)
	mthd 0118 NV9097_LOAD_MME_INSTRUCTION_RAM
		.V = (0xfffff611)
	mthd 0118 NV9097_LOAD_MME_INSTRUCTION_RAM
		.V = (0xfffdb037)
	mthd 0118 NV9097_LOAD_MME_INSTRUCTION_RAM
		.V = (0x4911)
	mthd 0118 NV9097_LOAD_MME_INSTRUCTION_RAM
		.V = (0xfff80d11)
	mthd 0118 NV9097_LOAD_MME_INSTRUCTION_RAM
		.V = (0xfff96837)
	mthd 0118 NV9097_LOAD_MME_INSTRUCTION_RAM
		.V = (0x341c115)
	mthd 0118 NV9097_LOAD_MME_INSTRUCTION_RAM
		.V = (0x90)
	mthd 0118 NV9097_LOAD_MME_INSTRUCTION_RAM
		.V = (0x10)

[0x000001f6] HDR 20020047 subch 0 NINC
	mthd 011c NV9097_LOAD_MME_START_ADDRESS_RAM_POINTER
		.V = (0xd)
	mthd 0120 NV9097_LOAD_MME_START_ADDRESS_RAM
		.V = (0x1b3)

[0x000001f9] HDR a0670045 subch 0 1INC
	mthd 0114 NV9097_LOAD_MME_INSTRUCTION_RAM_POINTER
		.V = (0x1b3)
	mthd 0118 NV9097_LOAD_MME_INSTRUCTION_RAM
		.V = (0x200)
	mthd 0118 NV9097_LOAD_MME_INSTRUCTION_RAM
		.V = (0x7418021)
	mthd 0118 NV9097_LOAD_MME_INSTRUCTION_RAM
		.V = (0x1040)
	mthd 0118 NV9097_LOAD_MME_INSTRUCTION_RAM
		.V = (0x210)
	mthd 0118 NV9097_LOAD_MME_INSTRUCTION_RAM
		.V = (0x178027)
	mthd 0118 NV9097_LOAD_MME_INSTRUCTION_RAM
		.V = (0x7414021)
	mthd 0118 NV9097_LOAD_MME_INSTRUCTION_RAM
		.V = (0x840)
	mthd 0118 NV9097_LOAD_MME_INSTRUCTION_RAM
		.V = (0x100)
	mthd 0118 NV9097_LOAD_MME_INSTRUCTION_RAM
		.V = (0x300)
	mthd 0118 NV9097_LOAD_MME_INSTRUCTION_RAM
		.V = (0x400)
	mthd 0118 NV9097_LOAD_MME_INSTRUCTION_RAM
		.V = (0x500)
	mthd 0118 NV9097_LOAD_MME_INSTRUCTION_RAM
		.V = (0x7474021)
	mthd 0118 NV9097_LOAD_MME_INSTRUCTION_RAM
		.V = (0x2040)
	mthd 0118 NV9097_LOAD_MME_INSTRUCTION_RAM
		.V = (0x638c021)
	mthd 0118 NV9097_LOAD_MME_INSTRUCTION_RAM
		.V = (0x40)
	mthd 0118 NV9097_LOAD_MME_INSTRUCTION_RAM
		.V = (0x6390021)
	mthd 0118 NV9097_LOAD_MME_INSTRUCTION_RAM
		.V = (0x2040)
	mthd 0118 NV9097_LOAD_MME_INSTRUCTION_RAM
		.V = (0x5438021)
	mthd 0118 NV9097_LOAD_MME_INSTRUCTION_RAM
		.V = (0x2840)
	mthd 0118 NV9097_LOAD_MME_INSTRUCTION_RAM
		.V = (0x638c021)
	mthd 0118 NV9097_LOAD_MME_INSTRUCTION_RAM
		.V = (0x10641)
	mthd 0118 NV9097_LOAD_MME_INSTRUCTION_RAM
		.V = (0x6390021)
	mthd 0118 NV9097_LOAD_MME_INSTRUCTION_RAM
		.V = (0x2840)
	mthd 0118 NV9097_LOAD_MME_INSTRUCTION_RAM
		.V = (0x7478021)
	mthd 0118 NV9097_LOAD_MME_INSTRUCTION_RAM
		.V = (0x1040)
	mthd 0118 NV9097_LOAD_MME_INSTRUCTION_RAM
		.V = (0x638c021)
	mthd 0118 NV9097_LOAD_MME_INSTRUCTION_RAM
		.V = (0x20641)
	mthd 0118 NV9097_LOAD_MME_INSTRUCTION_RAM
		.V = (0x6390021)
	mthd 0118 NV9097_LOAD_MME_INSTRUCTION_RAM
		.V = (0x1040)
	mthd 0118 NV9097_LOAD_MME_INSTRUCTION_RAM
		.V = (0x747c021)
	mthd 0118 NV9097_LOAD_MME_INSTRUCTION_RAM
		.V = (0x40)
	mthd 0118 NV9097_LOAD_MME_INSTRUCTION_RAM
		.V = (0x638c021)
	mthd 0118 NV9097_LOAD_MME_INSTRUCTION_RAM
		.V = (0x30641)
	mthd 0118 NV9097_LOAD_MME_INSTRUCTION_RAM
		.V = (0x6390021)
	mthd 0118 NV9097_LOAD_MME_INSTRUCTION_RAM
		.V = (0x40)
	mthd 0118 NV9097_LOAD_MME_INSTRUCTION_RAM
		.V = (0x5434021)
	mthd 0118 NV9097_LOAD_MME_INSTRUCTION_RAM
		.V = (0x40)
	mthd 0118 NV9097_LOAD_MME_INSTRUCTION_RAM
		.V = (0x5118021)
	mthd 0118 NV9097_LOAD_MME_INSTRUCTION_RAM
		.V = (0x40)
	mthd 0118 NV9097_LOAD_MME_INSTRUCTION_RAM
		.V = (0x741c021)
	mthd 0118 NV9097_LOAD_MME_INSTRUCTION_RAM
		.V = (0x1040)
	mthd 0118 NV9097_LOAD_MME_INSTRUCTION_RAM
		.V = (0x3420215)
	mthd 0118 NV9097_LOAD_MME_INSTRUCTION_RAM
		.V = (0x3d037)
	mthd 0118 NV9097_LOAD_MME_INSTRUCTION_RAM
		.V = (0x210)
	mthd 0118 NV9097_LOAD_MME_INSTRUCTION_RAM
		.V = (0x1d10)
	mthd 0118 NV9097_LOAD_MME_INSTRUCTION_RAM
		.V = (0x2c027)
	mthd 0118 NV9097_LOAD_MME_INSTRUCTION_RAM
		.V = (0x5618021)
	mthd 0118 NV9097_LOAD_MME_INSTRUCTION_RAM
		.V = (0x1040)
	mthd 0118 NV9097_LOAD_MME_INSTRUCTION_RAM
		.V = (0x4d74021)
	mthd 0118 NV9097_LOAD_MME_INSTRUCTION_RAM
		.V = (0x2040)
	mthd 0118 NV9097_LOAD_MME_INSTRUCTION_RAM
		.V = (0x840)
	mthd 0118 NV9097_LOAD_MME_INSTRUCTION_RAM
		.V = (0x5614021)
	mthd 0118 NV9097_LOAD_MME_INSTRUCTION_RAM
		.V = (0x40)
	mthd 0118 NV9097_LOAD_MME_INSTRUCTION_RAM
		.V = (0x4611)
	mthd 0118 NV9097_LOAD_MME_INSTRUCTION_RAM
		.V = (0xd0819212)
	mthd 0118 NV9097_LOAD_MME_INSTRUCTION_RAM
		.V = (0xffffed11)
	mthd 0118 NV9097_LOAD_MME_INSTRUCTION_RAM
		.V = (0xfffda837)
	mthd 0118 NV9097_LOAD_MME_INSTRUCTION_RAM
		.V = (0x3420215)
	mthd 0118 NV9097_LOAD_MME_INSTRUCTION_RAM
		.V = (0x7d027)
	mthd 0118 NV9097_LOAD_MME_INSTRUCTION_RAM
		.V = (0x210)
	mthd 0118 NV9097_LOAD_MME_INSTRUCTION_RAM
		.V = (0x6c027)
	mthd 0118 NV9097_LOAD_MME_INSTRUCTION_RAM
		.V = (0x3420515)
	mthd 0118 NV9097_LOAD_MME_INSTRUCTION_RAM
		.V = (0x415613)
	mthd 0118 NV9097_LOAD_MME_INSTRUCTION_RAM
		.V = (0x5f027)
	mthd 0118 NV9097_LOAD_MME_INSTRUCTION_RAM
		.V = (0x747c021)
	mthd 0118 NV9097_LOAD_MME_INSTRUCTION_RAM
		.V = (0x1040)
	mthd 0118 NV9097_LOAD_MME_INSTRUCTION_RAM
		.V = (0x638c021)
	mthd 0118 NV9097_LOAD_MME_INSTRUCTION_RAM
		.V = (0x30541)
	mthd 0118 NV9097_LOAD_MME_INSTRUCTION_RAM
		.V = (0x6390021)
	mthd 0118 NV9097_LOAD_MME_INSTRUCTION_RAM
		.V = (0x1040)
	mthd 0118 NV9097_LOAD_MME_INSTRUCTION_RAM
		.V = (0x55cc021)
	mthd 0118 NV9097_LOAD_MME_INSTRUCTION_RAM
		.V = (0x1040)
	mthd 0118 NV9097_LOAD_MME_INSTRUCTION_RAM
		.V = (0x510)
	mthd 0118 NV9097_LOAD_MME_INSTRUCTION_RAM
		.V = (0x1e10)
	mthd 0118 NV9097_LOAD_MME_INSTRUCTION_RAM
		.V = (0x2c027)
	mthd 0118 NV9097_LOAD_MME_INSTRUCTION_RAM
		.V = (0x5618021)
	mthd 0118 NV9097_LOAD_MME_INSTRUCTION_RAM
		.V = (0x2840)
	mthd 0118 NV9097_LOAD_MME_INSTRUCTION_RAM
		.V = (0x4d74021)
	mthd 0118 NV9097_LOAD_MME_INSTRUCTION_RAM
		.V = (0x2040)
	mthd 0118 NV9097_LOAD_MME_INSTRUCTION_RAM
		.V = (0x840)
	mthd 0118 NV9097_LOAD_MME_INSTRUCTION_RAM
		.V = (0x5614021)
	mthd 0118 NV9097_LOAD_MME_INSTRUCTION_RAM
		.V = (0x40)
	mthd 0118 NV9097_LOAD_MME_INSTRUCTION_RAM
		.V = (0x4711)
	mthd 0118 NV9097_LOAD_MME_INSTRUCTION_RAM
		.V = (0xd081ed12)
	mthd 0118 NV9097_LOAD_MME_INSTRUCTION_RAM
		.V = (0xfffff611)
	mthd 0118 NV9097_LOAD_MME_INSTRUCTION_RAM
		.V = (0xfffdb037)
	mthd 0118 NV9097_LOAD_MME_INSTRUCTION_RAM
		.V = (0x5211)
	mthd 0118 NV9097_LOAD_MME_INSTRUCTION_RAM
		.V = (0xfff81511)
	mthd 0118 NV9097_LOAD_MME_INSTRUCTION_RAM
		.V = (0xfff96837)
	mthd 0118 NV9097_LOAD_MME_INSTRUCTION_RAM
		.V = (0x341c215)
	mthd 0118 NV9097_LOAD_MME_INSTRUCTION_RAM
		.V = (0x5211)
	mthd 0118 NV9097_LOAD_MME_INSTRUCTION_RAM
		.V = (0x3418115)
	mthd 0118 NV9097_LOAD_MME_INSTRUCTION_RAM
		.V = (0xb10)
	mthd 0118 NV9097_LOAD_MME_INSTRUCTION_RAM
		.V = (0xc027)
	mthd 0118 NV9097_LOAD_MME_INSTRUCTION_RAM
		.V = (0x400)
	mthd 0118 NV9097_LOAD_MME_INSTRUCTION_RAM
		.V = (0xffffdb11)
	mthd 0118 NV9097_LOAD_MME_INSTRUCTION_RAM
		.V = (0xffff9837)
	mthd 0118 NV9097_LOAD_MME_INSTRUCTION_RAM
		.V = (0x3414115)
	mthd 0118 NV9097_LOAD_MME_INSTRUCTION_RAM
		.V = (0x105310)
	mthd 0118 NV9097_LOAD_MME_INSTRUCTION_RAM
		.V = (0xffe89837)
	mthd 0118 NV9097_LOAD_MME_INSTRUCTION_RAM
		.V = (0x90)
	mthd 0118 NV9097_LOAD_MME_INSTRUCTION_RAM
		.V = (0x10)

[0x00000261] HDR 20020047 subch 0 NINC
	mthd 011c NV9097_LOAD_MME_START_ADDRESS_RAM_POINTER
		.V = (0xe)
	mthd 0120 NV9097_LOAD_MME_START_ADDRESS_RAM
		.V = (0x219)

[0x00000264] HDR a0680045 subch 0 1INC
	mthd 0114 NV9097_LOAD_MME_INSTRUCTION_RAM_POINTER
		.V = (0x219)
	mthd 0118 NV9097_LOAD_MME_INSTRUCTION_RAM
		.V = (0x200)
	mthd 0118 NV9097_LOAD_MME_INSTRUCTION_RAM
		.V = (0x7418021)
	mthd 0118 NV9097_LOAD_MME_INSTRUCTION_RAM
		.V = (0x1040)
	mthd 0118 NV9097_LOAD_MME_INSTRUCTION_RAM
		.V = (0x210)
	mthd 0118 NV9097_LOAD_MME_INSTRUCTION_RAM
		.V = (0x17c027)
	mthd 0118 NV9097_LOAD_MME_INSTRUCTION_RAM
		.V = (0x7414021)
	mthd 0118 NV9097_LOAD_MME_INSTRUCTION_RAM
		.V = (0x840)
	mthd 0118 NV9097_LOAD_MME_INSTRUCTION_RAM
		.V = (0x100)
	mthd 0118 NV9097_LOAD_MME_INSTRUCTION_RAM
		.V = (0x300)
	mthd 0118 NV9097_LOAD_MME_INSTRUCTION_RAM
		.V = (0x400)
	mthd 0118 NV9097_LOAD_MME_INSTRUCTION_RAM
		.V = (0x500)
	mthd 0118 NV9097_LOAD_MME_INSTRUCTION_RAM
		.V = (0x600)
	mthd 0118 NV9097_LOAD_MME_INSTRUCTION_RAM
		.V = (0x7474021)
	mthd 0118 NV9097_LOAD_MME_INSTRUCTION_RAM
		.V = (0x2840)
	mthd 0118 NV9097_LOAD_MME_INSTRUCTION_RAM
		.V = (0x638c021)
	mthd 0118 NV9097_LOAD_MME_INSTRUCTION_RAM
		.V = (0x40)
	mthd 0118 NV9097_LOAD_MME_INSTRUCTION_RAM
		.V = (0x6390021)
	mthd 0118 NV9097_LOAD_MME_INSTRUCTION_RAM
		.V = (0x2840)
	mthd 0118 NV9097_LOAD_MME_INSTRUCTION_RAM
		.V = (0x5438021)
	mthd 0118 NV9097_LOAD_MME_INSTRUCTION_RAM
		.V = (0x3040)
	mthd 0118 NV9097_LOAD_MME_INSTRUCTION_RAM
		.V = (0x638c021)
	mthd 0118 NV9097_LOAD_MME_INSTRUCTION_RAM
		.V = (0x10741)
	mthd 0118 NV9097_LOAD_MME_INSTRUCTION_RAM
		.V = (0x6390021)
	mthd 0118 NV9097_LOAD_MME_INSTRUCTION_RAM
		.V = (0x3040)
	mthd 0118 NV9097_LOAD_MME_INSTRUCTION_RAM
		.V = (0x7478021)
	mthd 0118 NV9097_LOAD_MME_INSTRUCTION_RAM
		.V = (0x1040)
	mthd 0118 NV9097_LOAD_MME_INSTRUCTION_RAM
		.V = (0x638c021)
	mthd 0118 NV9097_LOAD_MME_INSTRUCTION_RAM
		.V = (0x20741)
	mthd 0118 NV9097_LOAD_MME_INSTRUCTION_RAM
		.V = (0x6390021)
	mthd 0118 NV9097_LOAD_MME_INSTRUCTION_RAM
		.V = (0x1040)
	mthd 0118 NV9097_LOAD_MME_INSTRUCTION_RAM
		.V = (0x747c021)
	mthd 0118 NV9097_LOAD_MME_INSTRUCTION_RAM
		.V = (0x40)
	mthd 0118 NV9097_LOAD_MME_INSTRUCTION_RAM
		.V = (0x638c021)
	mthd 0118 NV9097_LOAD_MME_INSTRUCTION_RAM
		.V = (0x30741)
	mthd 0118 NV9097_LOAD_MME_INSTRUCTION_RAM
		.V = (0x6390021)
	mthd 0118 NV9097_LOAD_MME_INSTRUCTION_RAM
		.V = (0x40)
	mthd 0118 NV9097_LOAD_MME_INSTRUCTION_RAM
		.V = (0x5434021)
	mthd 0118 NV9097_LOAD_MME_INSTRUCTION_RAM
		.V = (0x2840)
	mthd 0118 NV9097_LOAD_MME_INSTRUCTION_RAM
		.V = (0x5118021)
	mthd 0118 NV9097_LOAD_MME_INSTRUCTION_RAM
		.V = (0x2840)
	mthd 0118 NV9097_LOAD_MME_INSTRUCTION_RAM
		.V = (0x741c021)
	mthd 0118 NV9097_LOAD_MME_INSTRUCTION_RAM
		.V = (0x1040)
	mthd 0118 NV9097_LOAD_MME_INSTRUCTION_RAM
		.V = (0x3420215)
	mthd 0118 NV9097_LOAD_MME_INSTRUCTION_RAM
		.V = (0x3d037)
	mthd 0118 NV9097_LOAD_MME_INSTRUCTION_RAM
		.V = (0x210)
	mthd 0118 NV9097_LOAD_MME_INSTRUCTION_RAM
		.V = (0x1d10)
	mthd 0118 NV9097_LOAD_MME_INSTRUCTION_RAM
		.V = (0x2c027)
	mthd 0118 NV9097_LOAD_MME_INSTRUCTION_RAM
		.V = (0x5618021)
	mthd 0118 NV9097_LOAD_MME_INSTRUCTION_RAM
		.V = (0x1040)
	mthd 0118 NV9097_LOAD_MME_INSTRUCTION_RAM
		.V = (0x57dc021)
	mthd 0118 NV9097_LOAD_MME_INSTRUCTION_RAM
		.V = (0x2040)
	mthd 0118 NV9097_LOAD_MME_INSTRUCTION_RAM
		.V = (0x840)
	mthd 0118 NV9097_LOAD_MME_INSTRUCTION_RAM
		.V = (0x5614021)
	mthd 0118 NV9097_LOAD_MME_INSTRUCTION_RAM
		.V = (0x40)
	mthd 0118 NV9097_LOAD_MME_INSTRUCTION_RAM
		.V = (0x4611)
	mthd 0118 NV9097_LOAD_MME_INSTRUCTION_RAM
		.V = (0xd0819212)
	mthd 0118 NV9097_LOAD_MME_INSTRUCTION_RAM
		.V = (0xffffed11)
	mthd 0118 NV9097_LOAD_MME_INSTRUCTION_RAM
		.V = (0xfffda837)
	mthd 0118 NV9097_LOAD_MME_INSTRUCTION_RAM
		.V = (0x3420215)
	mthd 0118 NV9097_LOAD_MME_INSTRUCTION_RAM
		.V = (0x7d027)
	mthd 0118 NV9097_LOAD_MME_INSTRUCTION_RAM
		.V = (0x210)
	mthd 0118 NV9097_LOAD_MME_INSTRUCTION_RAM
		.V = (0x6c027)
	mthd 0118 NV9097_LOAD_MME_INSTRUCTION_RAM
		.V = (0x3420515)
	mthd 0118 NV9097_LOAD_MME_INSTRUCTION_RAM
		.V = (0x415613)
	mthd 0118 NV9097_LOAD_MME_INSTRUCTION_RAM
		.V = (0x5f027)
	mthd 0118 NV9097_LOAD_MME_INSTRUCTION_RAM
		.V = (0x747c021)
	mthd 0118 NV9097_LOAD_MME_INSTRUCTION_RAM
		.V = (0x1040)
	mthd 0118 NV9097_LOAD_MME_INSTRUCTION_RAM
		.V = (0x638c021)
	mthd 0118 NV9097_LOAD_MME_INSTRUCTION_RAM
		.V = (0x30541)
	mthd 0118 NV9097_LOAD_MME_INSTRUCTION_RAM
		.V = (0x6390021)
	mthd 0118 NV9097_LOAD_MME_INSTRUCTION_RAM
		.V = (0x1040)
	mthd 0118 NV9097_LOAD_MME_INSTRUCTION_RAM
		.V = (0x55cc021)
	mthd 0118 NV9097_LOAD_MME_INSTRUCTION_RAM
		.V = (0x1040)
	mthd 0118 NV9097_LOAD_MME_INSTRUCTION_RAM
		.V = (0x510)
	mthd 0118 NV9097_LOAD_MME_INSTRUCTION_RAM
		.V = (0x1e10)
	mthd 0118 NV9097_LOAD_MME_INSTRUCTION_RAM
		.V = (0x2c027)
	mthd 0118 NV9097_LOAD_MME_INSTRUCTION_RAM
		.V = (0x5618021)
	mthd 0118 NV9097_LOAD_MME_INSTRUCTION_RAM
		.V = (0x2840)
	mthd 0118 NV9097_LOAD_MME_INSTRUCTION_RAM
		.V = (0x57dc021)
	mthd 0118 NV9097_LOAD_MME_INSTRUCTION_RAM
		.V = (0x2040)
	mthd 0118 NV9097_LOAD_MME_INSTRUCTION_RAM
		.V = (0x840)
	mthd 0118 NV9097_LOAD_MME_INSTRUCTION_RAM
		.V = (0x5614021)
	mthd 0118 NV9097_LOAD_MME_INSTRUCTION_RAM
		.V = (0x40)
	mthd 0118 NV9097_LOAD_MME_INSTRUCTION_RAM
		.V = (0x4711)
	mthd 0118 NV9097_LOAD_MME_INSTRUCTION_RAM
		.V = (0xd081ed12)
	mthd 0118 NV9097_LOAD_MME_INSTRUCTION_RAM
		.V = (0xfffff611)
	mthd 0118 NV9097_LOAD_MME_INSTRUCTION_RAM
		.V = (0xfffdb037)
	mthd 0118 NV9097_LOAD_MME_INSTRUCTION_RAM
		.V = (0x5211)
	mthd 0118 NV9097_LOAD_MME_INSTRUCTION_RAM
		.V = (0xfff81511)
	mthd 0118 NV9097_LOAD_MME_INSTRUCTION_RAM
		.V = (0xfff96837)
	mthd 0118 NV9097_LOAD_MME_INSTRUCTION_RAM
		.V = (0x341c215)
	mthd 0118 NV9097_LOAD_MME_INSTRUCTION_RAM
		.V = (0x5211)
	mthd 0118 NV9097_LOAD_MME_INSTRUCTION_RAM
		.V = (0x3418115)
	mthd 0118 NV9097_LOAD_MME_INSTRUCTION_RAM
		.V = (0xb10)
	mthd 0118 NV9097_LOAD_MME_INSTRUCTION_RAM
		.V = (0xc027)
	mthd 0118 NV9097_LOAD_MME_INSTRUCTION_RAM
		.V = (0x400)
	mthd 0118 NV9097_LOAD_MME_INSTRUCTION_RAM
		.V = (0xffffdb11)
	mthd 0118 NV9097_LOAD_MME_INSTRUCTION_RAM
		.V = (0xffff9837)
	mthd 0118 NV9097_LOAD_MME_INSTRUCTION_RAM
		.V = (0x3414115)
	mthd 0118 NV9097_LOAD_MME_INSTRUCTION_RAM
		.V = (0x105310)
	mthd 0118 NV9097_LOAD_MME_INSTRUCTION_RAM
		.V = (0xffe85837)
	mthd 0118 NV9097_LOAD_MME_INSTRUCTION_RAM
		.V = (0x90)
	mthd 0118 NV9097_LOAD_MME_INSTRUCTION_RAM
		.V = (0x10)

[0x000002cd] HDR 20020047 subch 0 NINC
	mthd 011c NV9097_LOAD_MME_START_ADDRESS_RAM_POINTER
		.V = (0xf)
	mthd 0120 NV9097_LOAD_MME_START_ADDRESS_RAM
		.V = (0x280)

[0x000002d0] HDR a0030045 subch 0 1INC
	mthd 0114 NV9097_LOAD_MME_INSTRUCTION_RAM_POINTER
		.V = (0x280)
	mthd 0118 NV9097_LOAD_MME_INSTRUCTION_RAM
		.V = (0x90)
	mthd 0118 NV9097_LOAD_MME_INSTRUCTION_RAM
		.V = (0x10)

[0x000002d4] HDR 20020047 subch 0 NINC
	mthd 011c NV9097_LOAD_MME_START_ADDRESS_RAM_POINTER
		.V = (0x10)
	mthd 0120 NV9097_LOAD_MME_START_ADDRESS_RAM
		.V = (0x282)

[0x000002d7] HDR a0030045 subch 0 1INC
	mthd 0114 NV9097_LOAD_MME_INSTRUCTION_RAM_POINTER
		.V = (0x282)
	mthd 0118 NV9097_LOAD_MME_INSTRUCTION_RAM
		.V = (0x90)
	mthd 0118 NV9097_LOAD_MME_INSTRUCTION_RAM
		.V = (0x10)

[0x000002db] HDR 20020047 subch 0 NINC
	mthd 011c NV9097_LOAD_MME_START_ADDRESS_RAM_POINTER
		.V = (0x11)
	mthd 0120 NV9097_LOAD_MME_START_ADDRESS_RAM
		.V = (0x284)

[0x000002de] HDR a0030045 subch 0 1INC
	mthd 0114 NV9097_LOAD_MME_INSTRUCTION_RAM_POINTER
		.V = (0x284)
	mthd 0118 NV9097_LOAD_MME_INSTRUCTION_RAM
		.V = (0x90)
	mthd 0118 NV9097_LOAD_MME_INSTRUCTION_RAM
		.V = (0x10)

[0x000002e2] HDR 20020047 subch 0 NINC
	mthd 011c NV9097_LOAD_MME_START_ADDRESS_RAM_POINTER
		.V = (0x12)
	mthd 0120 NV9097_LOAD_MME_START_ADDRESS_RAM
		.V = (0x286)

[0x000002e5] HDR a00b0045 subch 0 1INC
	mthd 0114 NV9097_LOAD_MME_INSTRUCTION_RAM_POINTER
		.V = (0x286)
	mthd 0118 NV9097_LOAD_MME_INSTRUCTION_RAM
		.V = (0x200)
	mthd 0118 NV9097_LOAD_MME_INSTRUCTION_RAM
		.V = (0x340c315)
	mthd 0118 NV9097_LOAD_MME_INSTRUCTION_RAM
		.V = (0x3410415)
	mthd 0118 NV9097_LOAD_MME_INSTRUCTION_RAM
		.V = (0xa410)
	mthd 0118 NV9097_LOAD_MME_INSTRUCTION_RAM
		.V = (0x25b10)
	mthd 0118 NV9097_LOAD_MME_INSTRUCTION_RAM
		.V = (0x740c021)
	mthd 0118 NV9097_LOAD_MME_INSTRUCTION_RAM
		.V = (0x1840)
	mthd 0118 NV9097_LOAD_MME_INSTRUCTION_RAM
		.V = (0x2040)
	mthd 0118 NV9097_LOAD_MME_INSTRUCTION_RAM
		.V = (0x90)
	mthd 0118 NV9097_LOAD_MME_INSTRUCTION_RAM
		.V = (0x10)

[0x000002f1] HDR 20020047 subch 0 NINC
	mthd 011c NV9097_LOAD_MME_START_ADDRESS_RAM_POINTER
		.V = (0x13)
	mthd 0120 NV9097_LOAD_MME_START_ADDRESS_RAM
		.V = (0x290)

[0x000002f4] HDR a0610045 subch 0 1INC
	mthd 0114 NV9097_LOAD_MME_INSTRUCTION_RAM_POINTER
		.V = (0x290)
	mthd 0118 NV9097_LOAD_MME_INSTRUCTION_RAM
		.V = (0x200)
	mthd 0118 NV9097_LOAD_MME_INSTRUCTION_RAM
		.V = (0x300)
	mthd 0118 NV9097_LOAD_MME_INSTRUCTION_RAM
		.V = (0x400)
	mthd 0118 NV9097_LOAD_MME_INSTRUCTION_RAM
		.V = (0x500)
	mthd 0118 NV9097_LOAD_MME_INSTRUCTION_RAM
		.V = (0x30611)
	mthd 0118 NV9097_LOAD_MME_INSTRUCTION_RAM
		.V = (0x1ad10)
	mthd 0118 NV9097_LOAD_MME_INSTRUCTION_RAM
		.V = (0x22410)
	mthd 0118 NV9097_LOAD_MME_INSTRUCTION_RAM
		.V = (0x5b00021)
	mthd 0118 NV9097_LOAD_MME_INSTRUCTION_RAM
		.V = (0x2040)
	mthd 0118 NV9097_LOAD_MME_INSTRUCTION_RAM
		.V = (0x2840)
	mthd 0118 NV9097_LOAD_MME_INSTRUCTION_RAM
		.V = (0x840)
	mthd 0118 NV9097_LOAD_MME_INSTRUCTION_RAM
		.V = (0x4000611)
	mthd 0118 NV9097_LOAD_MME_INSTRUCTION_RAM
		.V = (0x87c18613)
	mthd 0118 NV9097_LOAD_MME_INSTRUCTION_RAM
		.V = (0x3641)
	mthd 0118 NV9097_LOAD_MME_INSTRUCTION_RAM
		.V = (0x10611)
	mthd 0118 NV9097_LOAD_MME_INSTRUCTION_RAM
		.V = (0x1ad10)
	mthd 0118 NV9097_LOAD_MME_INSTRUCTION_RAM
		.V = (0x22410)
	mthd 0118 NV9097_LOAD_MME_INSTRUCTION_RAM
		.V = (0x5b00021)
	mthd 0118 NV9097_LOAD_MME_INSTRUCTION_RAM
		.V = (0x2040)
	mthd 0118 NV9097_LOAD_MME_INSTRUCTION_RAM
		.V = (0x2840)
	mthd 0118 NV9097_LOAD_MME_INSTRUCTION_RAM
		.V = (0x1040)
	mthd 0118 NV9097_LOAD_MME_INSTRUCTION_RAM
		.V = (0x4000611)
	mthd 0118 NV9097_LOAD_MME_INSTRUCTION_RAM
		.V = (0x87c18613)
	mthd 0118 NV9097_LOAD_MME_INSTRUCTION_RAM
		.V = (0x3641)
	mthd 0118 NV9097_LOAD_MME_INSTRUCTION_RAM
		.V = (0x10611)
	mthd 0118 NV9097_LOAD_MME_INSTRUCTION_RAM
		.V = (0x1ad10)
	mthd 0118 NV9097_LOAD_MME_INSTRUCTION_RAM
		.V = (0x22410)
	mthd 0118 NV9097_LOAD_MME_INSTRUCTION_RAM
		.V = (0x5b00021)
	mthd 0118 NV9097_LOAD_MME_INSTRUCTION_RAM
		.V = (0x2040)
	mthd 0118 NV9097_LOAD_MME_INSTRUCTION_RAM
		.V = (0x2840)
	mthd 0118 NV9097_LOAD_MME_INSTRUCTION_RAM
		.V = (0x1840)
	mthd 0118 NV9097_LOAD_MME_INSTRUCTION_RAM
		.V = (0x4000611)
	mthd 0118 NV9097_LOAD_MME_INSTRUCTION_RAM
		.V = (0x87c18613)
	mthd 0118 NV9097_LOAD_MME_INSTRUCTION_RAM
		.V = (0x3641)
	mthd 0118 NV9097_LOAD_MME_INSTRUCTION_RAM
		.V = (0x400)
	mthd 0118 NV9097_LOAD_MME_INSTRUCTION_RAM
		.V = (0x500)
	mthd 0118 NV9097_LOAD_MME_INSTRUCTION_RAM
		.V = (0xc0611)
	mthd 0118 NV9097_LOAD_MME_INSTRUCTION_RAM
		.V = (0x1ad10)
	mthd 0118 NV9097_LOAD_MME_INSTRUCTION_RAM
		.V = (0x22410)
	mthd 0118 NV9097_LOAD_MME_INSTRUCTION_RAM
		.V = (0x5b00021)
	mthd 0118 NV9097_LOAD_MME_INSTRUCTION_RAM
		.V = (0x2040)
	mthd 0118 NV9097_LOAD_MME_INSTRUCTION_RAM
		.V = (0x2840)
	mthd 0118 NV9097_LOAD_MME_INSTRUCTION_RAM
		.V = (0x840)
	mthd 0118 NV9097_LOAD_MME_INSTRUCTION_RAM
		.V = (0x4000611)
	mthd 0118 NV9097_LOAD_MME_INSTRUCTION_RAM
		.V = (0x87c18613)
	mthd 0118 NV9097_LOAD_MME_INSTRUCTION_RAM
		.V = (0x3641)
	mthd 0118 NV9097_LOAD_MME_INSTRUCTION_RAM
		.V = (0x8400d612)
	mthd 0118 NV9097_LOAD_MME_INSTRUCTION_RAM
		.V = (0x10711)
	mthd 0118 NV9097_LOAD_MME_INSTRUCTION_RAM
		.V = (0x1ed10)
	mthd 0118 NV9097_LOAD_MME_INSTRUCTION_RAM
		.V = (0x22410)
	mthd 0118 NV9097_LOAD_MME_INSTRUCTION_RAM
		.V = (0x5b00021)
	mthd 0118 NV9097_LOAD_MME_INSTRUCTION_RAM
		.V = (0x2040)
	mthd 0118 NV9097_LOAD_MME_INSTRUCTION_RAM
		.V = (0x2840)
	mthd 0118 NV9097_LOAD_MME_INSTRUCTION_RAM
		.V = (0x3040)
	mthd 0118 NV9097_LOAD_MME_INSTRUCTION_RAM
		.V = (0x4000711)
	mthd 0118 NV9097_LOAD_MME_INSTRUCTION_RAM
		.V = (0x87c1c713)
	mthd 0118 NV9097_LOAD_MME_INSTRUCTION_RAM
		.V = (0x3f41)
	mthd 0118 NV9097_LOAD_MME_INSTRUCTION_RAM
		.V = (0x1c027)
	mthd 0118 NV9097_LOAD_MME_INSTRUCTION_RAM
		.V = (0x4611)
	mthd 0118 NV9097_LOAD_MME_INSTRUCTION_RAM
		.V = (0x159510)
	mthd 0118 NV9097_LOAD_MME_INSTRUCTION_RAM
		.V = (0xa827)
	mthd 0118 NV9097_LOAD_MME_INSTRUCTION_RAM
		.V = (0xe410)
	mthd 0118 NV9097_LOAD_MME_INSTRUCTION_RAM
		.V = (0x7c28214)
	mthd 0118 NV9097_LOAD_MME_INSTRUCTION_RAM
		.V = (0xfc0c313)
	mthd 0118 NV9097_LOAD_MME_INSTRUCTION_RAM
		.V = (0xfffe9037)
	mthd 0118 NV9097_LOAD_MME_INSTRUCTION_RAM
		.V = (0x210)
	mthd 0118 NV9097_LOAD_MME_INSTRUCTION_RAM
		.V = (0x24027)
	mthd 0118 NV9097_LOAD_MME_INSTRUCTION_RAM
		.V = (0x4711)
	mthd 0118 NV9097_LOAD_MME_INSTRUCTION_RAM
		.V = (0x15ce10)
	mthd 0118 NV9097_LOAD_MME_INSTRUCTION_RAM
		.V = (0xf027)
	mthd 0118 NV9097_LOAD_MME_INSTRUCTION_RAM
		.V = (0x11b10)
	mthd 0118 NV9097_LOAD_MME_INSTRUCTION_RAM
		.V = (0x2ad10)
	mthd 0118 NV9097_LOAD_MME_INSTRUCTION_RAM
		.V = (0x7c24114)
	mthd 0118 NV9097_LOAD_MME_INSTRUCTION_RAM
		.V = (0x12410)
	mthd 0118 NV9097_LOAD_MME_INSTRUCTION_RAM
		.V = (0x29210)
	mthd 0118 NV9097_LOAD_MME_INSTRUCTION_RAM
		.V = (0xfffe0837)
	mthd 0118 NV9097_LOAD_MME_INSTRUCTION_RAM
		.V = (0x100)
	mthd 0118 NV9097_LOAD_MME_INSTRUCTION_RAM
		.V = (0x24027)
	mthd 0118 NV9097_LOAD_MME_INSTRUCTION_RAM
		.V = (0x4711)
	mthd 0118 NV9097_LOAD_MME_INSTRUCTION_RAM
		.V = (0x15ce10)
	mthd 0118 NV9097_LOAD_MME_INSTRUCTION_RAM
		.V = (0xf027)
	mthd 0118 NV9097_LOAD_MME_INSTRUCTION_RAM
		.V = (0xd210)
	mthd 0118 NV9097_LOAD_MME_INSTRUCTION_RAM
		.V = (0x36410)
	mthd 0118 NV9097_LOAD_MME_INSTRUCTION_RAM
		.V = (0x7c24114)
	mthd 0118 NV9097_LOAD_MME_INSTRUCTION_RAM
		.V = (0xdb10)
	mthd 0118 NV9097_LOAD_MME_INSTRUCTION_RAM
		.V = (0x36d10)
	mthd 0118 NV9097_LOAD_MME_INSTRUCTION_RAM
		.V = (0xfffe0837)
	mthd 0118 NV9097_LOAD_MME_INSTRUCTION_RAM
		.V = (0x340c115)
	mthd 0118 NV9097_LOAD_MME_INSTRUCTION_RAM
		.V = (0x3410315)
	mthd 0118 NV9097_LOAD_MME_INSTRUCTION_RAM
		.V = (0x9b10)
	mthd 0118 NV9097_LOAD_MME_INSTRUCTION_RAM
		.V = (0x30910)
	mthd 0118 NV9097_LOAD_MME_INSTRUCTION_RAM
		.V = (0x740c021)
	mthd 0118 NV9097_LOAD_MME_INSTRUCTION_RAM
		.V = (0x840)
	mthd 0118 NV9097_LOAD_MME_INSTRUCTION_RAM
		.V = (0x1840)
	mthd 0118 NV9097_LOAD_MME_INSTRUCTION_RAM
		.V = (0x90)
	mthd 0118 NV9097_LOAD_MME_INSTRUCTION_RAM
		.V = (0x10)

[0x00000356] HDR 20020047 subch 0 NINC
	mthd 011c NV9097_LOAD_MME_START_ADDRESS_RAM_POINTER
		.V = (0x14)
	mthd 0120 NV9097_LOAD_MME_START_ADDRESS_RAM
		.V = (0x2f0)

[0x00000359] HDR a0170045 subch 0 1INC
	mthd 0114 NV9097_LOAD_MME_INSTRUCTION_RAM_POINTER
		.V = (0x2f0)
	mthd 0118 NV9097_LOAD_MME_INSTRUCTION_RAM
		.V = (0x200)
	mthd 0118 NV9097_LOAD_MME_INSTRUCTION_RAM
		.V = (0x340c315)
	mthd 0118 NV9097_LOAD_MME_INSTRUCTION_RAM
		.V = (0x3410415)
	mthd 0118 NV9097_LOAD_MME_INSTRUCTION_RAM
		.V = (0x5b00021)
	mthd 0118 NV9097_LOAD_MME_INSTRUCTION_RAM
		.V = (0x840)
	mthd 0118 NV9097_LOAD_MME_INSTRUCTION_RAM
		.V = (0x1040)
	mthd 0118 NV9097_LOAD_MME_INSTRUCTION_RAM
		.V = (0x2040)
	mthd 0118 NV9097_LOAD_MME_INSTRUCTION_RAM
		.V = (0x4000511)
	mthd 0118 NV9097_LOAD_MME_INSTRUCTION_RAM
		.V = (0x87c14513)
	mthd 0118 NV9097_LOAD_MME_INSTRUCTION_RAM
		.V = (0x2d41)
	mthd 0118 NV9097_LOAD_MME_INSTRUCTION_RAM
		.V = (0x10711)
	mthd 0118 NV9097_LOAD_MME_INSTRUCTION_RAM
		.V = (0x1d510)
	mthd 0118 NV9097_LOAD_MME_INSTRUCTION_RAM
		.V = (0x20e10)
	mthd 0118 NV9097_LOAD_MME_INSTRUCTION_RAM
		.V = (0x5b00021)
	mthd 0118 NV9097_LOAD_MME_INSTRUCTION_RAM
		.V = (0x3040)
	mthd 0118 NV9097_LOAD_MME_INSTRUCTION_RAM
		.V = (0x2840)
	mthd 0118 NV9097_LOAD_MME_INSTRUCTION_RAM
		.V = (0x1840)
	mthd 0118 NV9097_LOAD_MME_INSTRUCTION_RAM
		.V = (0x4000711)
	mthd 0118 NV9097_LOAD_MME_INSTRUCTION_RAM
		.V = (0x87c1c713)
	mthd 0118 NV9097_LOAD_MME_INSTRUCTION_RAM
		.V = (0x3f41)
	mthd 0118 NV9097_LOAD_MME_INSTRUCTION_RAM
		.V = (0x90)
	mthd 0118 NV9097_LOAD_MME_INSTRUCTION_RAM
		.V = (0x10)

[0x00000371] HDR 20020047 subch 0 NINC
	mthd 011c NV9097_LOAD_MME_START_ADDRESS_RAM_POINTER
		.V = (0x15)
	mthd 0120 NV9097_LOAD_MME_START_ADDRESS_RAM
		.V = (0x306)

[0x00000374] HDR a0060045 subch 0 1INC
	mthd 0114 NV9097_LOAD_MME_INSTRUCTION_RAM_POINTER
		.V = (0x306)
	mthd 0118 NV9097_LOAD_MME_INSTRUCTION_RAM
		.V = (0x200)
	mthd 0118 NV9097_LOAD_MME_INSTRUCTION_RAM
		.V = (0x4390821)
	mthd 0118 NV9097_LOAD_MME_INSTRUCTION_RAM
		.V = (0x1040)
	mthd 0118 NV9097_LOAD_MME_INSTRUCTION_RAM
		.V = (0x90)
	mthd 0118 NV9097_LOAD_MME_INSTRUCTION_RAM
		.V = (0x10)

[0x0000037b] HDR 20020047 subch 0 NINC
	mthd 011c NV9097_LOAD_MME_START_ADDRESS_RAM_POINTER
		.V = (0x16)
	mthd 0120 NV9097_LOAD_MME_START_ADDRESS_RAM
		.V = (0x30b)

[0x0000037e] HDR a0500045 subch 0 1INC
	mthd 0114 NV9097_LOAD_MME_INSTRUCTION_RAM_POINTER
		.V = (0x30b)
	mthd 0118 NV9097_LOAD_MME_INSTRUCTION_RAM
		.V = (0x200)
	mthd 0118 NV9097_LOAD_MME_INSTRUCTION_RAM
		.V = (0x300)
	mthd 0118 NV9097_LOAD_MME_INSTRUCTION_RAM
		.V = (0x7474021)
	mthd 0118 NV9097_LOAD_MME_INSTRUCTION_RAM
		.V = (0x40)
	mthd 0118 NV9097_LOAD_MME_INSTRUCTION_RAM
		.V = (0x638c021)
	mthd 0118 NV9097_LOAD_MME_INSTRUCTION_RAM
		.V = (0x40)
	mthd 0118 NV9097_LOAD_MME_INSTRUCTION_RAM
		.V = (0x6390021)
	mthd 0118 NV9097_LOAD_MME_INSTRUCTION_RAM
		.V = (0x40)
	mthd 0118 NV9097_LOAD_MME_INSTRUCTION_RAM
		.V = (0x5438021)
	mthd 0118 NV9097_LOAD_MME_INSTRUCTION_RAM
		.V = (0x1040)
	mthd 0118 NV9097_LOAD_MME_INSTRUCTION_RAM
		.V = (0x638c021)
	mthd 0118 NV9097_LOAD_MME_INSTRUCTION_RAM
		.V = (0x10441)
	mthd 0118 NV9097_LOAD_MME_INSTRUCTION_RAM
		.V = (0x6390021)
	mthd 0118 NV9097_LOAD_MME_INSTRUCTION_RAM
		.V = (0x1040)
	mthd 0118 NV9097_LOAD_MME_INSTRUCTION_RAM
		.V = (0x7478021)
	mthd 0118 NV9097_LOAD_MME_INSTRUCTION_RAM
		.V = (0x40)
	mthd 0118 NV9097_LOAD_MME_INSTRUCTION_RAM
		.V = (0x638c021)
	mthd 0118 NV9097_LOAD_MME_INSTRUCTION_RAM
		.V = (0x20441)
	mthd 0118 NV9097_LOAD_MME_INSTRUCTION_RAM
		.V = (0x6390021)
	mthd 0118 NV9097_LOAD_MME_INSTRUCTION_RAM
		.V = (0x40)
	mthd 0118 NV9097_LOAD_MME_INSTRUCTION_RAM
		.V = (0x747c021)
	mthd 0118 NV9097_LOAD_MME_INSTRUCTION_RAM
		.V = (0x40)
	mthd 0118 NV9097_LOAD_MME_INSTRUCTION_RAM
		.V = (0x638c021)
	mthd 0118 NV9097_LOAD_MME_INSTRUCTION_RAM
		.V = (0x30441)
	mthd 0118 NV9097_LOAD_MME_INSTRUCTION_RAM
		.V = (0x6390021)
	mthd 0118 NV9097_LOAD_MME_INSTRUCTION_RAM
		.V = (0x40)
	mthd 0118 NV9097_LOAD_MME_INSTRUCTION_RAM
		.V = (0x5434021)
	mthd 0118 NV9097_LOAD_MME_INSTRUCTION_RAM
		.V = (0x40)
	mthd 0118 NV9097_LOAD_MME_INSTRUCTION_RAM
		.V = (0x5118021)
	mthd 0118 NV9097_LOAD_MME_INSTRUCTION_RAM
		.V = (0x40)
	mthd 0118 NV9097_LOAD_MME_INSTRUCTION_RAM
		.V = (0x3420215)
	mthd 0118 NV9097_LOAD_MME_INSTRUCTION_RAM
		.V = (0x39037)
	mthd 0118 NV9097_LOAD_MME_INSTRUCTION_RAM
		.V = (0x210)
	mthd 0118 NV9097_LOAD_MME_INSTRUCTION_RAM
		.V = (0xc10)
	mthd 0118 NV9097_LOAD_MME_INSTRUCTION_RAM
		.V = (0x28027)
	mthd 0118 NV9097_LOAD_MME_INSTRUCTION_RAM
		.V = (0x5618021)
	mthd 0118 NV9097_LOAD_MME_INSTRUCTION_RAM
		.V = (0x1040)
	mthd 0118 NV9097_LOAD_MME_INSTRUCTION_RAM
		.V = (0x523c021)
	mthd 0118 NV9097_LOAD_MME_INSTRUCTION_RAM
		.V = (0x1840)
	mthd 0118 NV9097_LOAD_MME_INSTRUCTION_RAM
		.V = (0x5614021)
	mthd 0118 NV9097_LOAD_MME_INSTRUCTION_RAM
		.V = (0x40)
	mthd 0118 NV9097_LOAD_MME_INSTRUCTION_RAM
		.V = (0x4511)
	mthd 0118 NV9097_LOAD_MME_INSTRUCTION_RAM
		.V = (0xd0815212)
	mthd 0118 NV9097_LOAD_MME_INSTRUCTION_RAM
		.V = (0xffffe411)
	mthd 0118 NV9097_LOAD_MME_INSTRUCTION_RAM
		.V = (0xfffde037)
	mthd 0118 NV9097_LOAD_MME_INSTRUCTION_RAM
		.V = (0x3420215)
	mthd 0118 NV9097_LOAD_MME_INSTRUCTION_RAM
		.V = (0x79027)
	mthd 0118 NV9097_LOAD_MME_INSTRUCTION_RAM
		.V = (0x210)
	mthd 0118 NV9097_LOAD_MME_INSTRUCTION_RAM
		.V = (0x68027)
	mthd 0118 NV9097_LOAD_MME_INSTRUCTION_RAM
		.V = (0x3420415)
	mthd 0118 NV9097_LOAD_MME_INSTRUCTION_RAM
		.V = (0x411513)
	mthd 0118 NV9097_LOAD_MME_INSTRUCTION_RAM
		.V = (0x5a827)
	mthd 0118 NV9097_LOAD_MME_INSTRUCTION_RAM
		.V = (0x747c021)
	mthd 0118 NV9097_LOAD_MME_INSTRUCTION_RAM
		.V = (0x1040)
	mthd 0118 NV9097_LOAD_MME_INSTRUCTION_RAM
		.V = (0x638c021)
	mthd 0118 NV9097_LOAD_MME_INSTRUCTION_RAM
		.V = (0x30441)
	mthd 0118 NV9097_LOAD_MME_INSTRUCTION_RAM
		.V = (0x6390021)
	mthd 0118 NV9097_LOAD_MME_INSTRUCTION_RAM
		.V = (0x1040)
	mthd 0118 NV9097_LOAD_MME_INSTRUCTION_RAM
		.V = (0x55cc021)
	mthd 0118 NV9097_LOAD_MME_INSTRUCTION_RAM
		.V = (0x1040)
	mthd 0118 NV9097_LOAD_MME_INSTRUCTION_RAM
		.V = (0x410)
	mthd 0118 NV9097_LOAD_MME_INSTRUCTION_RAM
		.V = (0xd10)
	mthd 0118 NV9097_LOAD_MME_INSTRUCTION_RAM
		.V = (0x28027)
	mthd 0118 NV9097_LOAD_MME_INSTRUCTION_RAM
		.V = (0x5618021)
	mthd 0118 NV9097_LOAD_MME_INSTRUCTION_RAM
		.V = (0x2040)
	mthd 0118 NV9097_LOAD_MME_INSTRUCTION_RAM
		.V = (0x523c021)
	mthd 0118 NV9097_LOAD_MME_INSTRUCTION_RAM
		.V = (0x1840)
	mthd 0118 NV9097_LOAD_MME_INSTRUCTION_RAM
		.V = (0x5614021)
	mthd 0118 NV9097_LOAD_MME_INSTRUCTION_RAM
		.V = (0x40)
	mthd 0118 NV9097_LOAD_MME_INSTRUCTION_RAM
		.V = (0x4611)
	mthd 0118 NV9097_LOAD_MME_INSTRUCTION_RAM
		.V = (0xd081a412)
	mthd 0118 NV9097_LOAD_MME_INSTRUCTION_RAM
		.V = (0xffffed11)
	mthd 0118 NV9097_LOAD_MME_INSTRUCTION_RAM
		.V = (0xfffde837)
	mthd 0118 NV9097_LOAD_MME_INSTRUCTION_RAM
		.V = (0x5211)
	mthd 0118 NV9097_LOAD_MME_INSTRUCTION_RAM
		.V = (0xfff81411)
	mthd 0118 NV9097_LOAD_MME_INSTRUCTION_RAM
		.V = (0xfff9a037)
	mthd 0118 NV9097_LOAD_MME_INSTRUCTION_RAM
		.V = (0x10)
	mthd 0118 NV9097_LOAD_MME_INSTRUCTION_RAM
		.V = (0x90)
	mthd 0118 NV9097_LOAD_MME_INSTRUCTION_RAM
		.V = (0x10)

[0x000003cf] HDR 20020047 subch 0 NINC
	mthd 011c NV9097_LOAD_MME_START_ADDRESS_RAM_POINTER
		.V = (0x17)
	mthd 0120 NV9097_LOAD_MME_START_ADDRESS_RAM
		.V = (0x35a)

[0x000003d2] HDR a0140045 subch 0 1INC
	mthd 0114 NV9097_LOAD_MME_INSTRUCTION_RAM_POINTER
		.V = (0x35a)
	mthd 0118 NV9097_LOAD_MME_INSTRUCTION_RAM
		.V = (0x200)
	mthd 0118 NV9097_LOAD_MME_INSTRUCTION_RAM
		.V = (0x300)
	mthd 0118 NV9097_LOAD_MME_INSTRUCTION_RAM
		.V = (0x4110021)
	mthd 0118 NV9097_LOAD_MME_INSTRUCTION_RAM
		.V = (0x40)
	mthd 0118 NV9097_LOAD_MME_INSTRUCTION_RAM
		.V = (0x7400021)
	mthd 0118 NV9097_LOAD_MME_INSTRUCTION_RAM
		.V = (0x40)
	mthd 0118 NV9097_LOAD_MME_INSTRUCTION_RAM
		.V = (0x840)
	mthd 0118 NV9097_LOAD_MME_INSTRUCTION_RAM
		.V = (0x1040)
	mthd 0118 NV9097_LOAD_MME_INSTRUCTION_RAM
		.V = (0x6310021)
	mthd 0118 NV9097_LOAD_MME_INSTRUCTION_RAM
		.V = (0x1840)
	mthd 0118 NV9097_LOAD_MME_INSTRUCTION_RAM
		.V = (0x410)
	mthd 0118 NV9097_LOAD_MME_INSTRUCTION_RAM
		.V = (0x10027)
	mthd 0118 NV9097_LOAD_MME_INSTRUCTION_RAM
		.V = (0x3400415)
	mthd 0118 NV9097_LOAD_MME_INSTRUCTION_RAM
		.V = (0x4100021)
	mthd 0118 NV9097_LOAD_MME_INSTRUCTION_RAM
		.V = (0x40)
	mthd 0118 NV9097_LOAD_MME_INSTRUCTION_RAM
		.V = (0xffffe511)
	mthd 0118 NV9097_LOAD_MME_INSTRUCTION_RAM
		.V = (0xffff2837)
	mthd 0118 NV9097_LOAD_MME_INSTRUCTION_RAM
		.V = (0x90)
	mthd 0118 NV9097_LOAD_MME_INSTRUCTION_RAM
		.V = (0x10)

[0x000003e7] HDR 20020047 subch 0 NINC
	mthd 011c NV9097_LOAD_MME_START_ADDRESS_RAM_POINTER
		.V = (0x18)
	mthd 0120 NV9097_LOAD_MME_START_ADDRESS_RAM
		.V = (0x36d)

[0x000003ea] HDR a0190045 subch 0 1INC
	mthd 0114 NV9097_LOAD_MME_INSTRUCTION_RAM_POINTER
		.V = (0x36d)
	mthd 0118 NV9097_LOAD_MME_INSTRUCTION_RAM
		.V = (0x200)
	mthd 0118 NV9097_LOAD_MME_INSTRUCTION_RAM
		.V = (0x4311)
	mthd 0118 NV9097_LOAD_MME_INSTRUCTION_RAM
		.V = (0x3c511)
	mthd 0118 NV9097_LOAD_MME_INSTRUCTION_RAM
		.V = (0x155410)
	mthd 0118 NV9097_LOAD_MME_INSTRUCTION_RAM
		.V = (0x510)
	mthd 0118 NV9097_LOAD_MME_INSTRUCTION_RAM
		.V = (0x34027)
	mthd 0118 NV9097_LOAD_MME_INSTRUCTION_RAM
		.V = (0x408612)
	mthd 0118 NV9097_LOAD_MME_INSTRUCTION_RAM
		.V = (0x2042b612)
	mthd 0118 NV9097_LOAD_MME_INSTRUCTION_RAM
		.V = (0x4044b612)
	mthd 0118 NV9097_LOAD_MME_INSTRUCTION_RAM
		.V = (0x6046b612)
	mthd 0118 NV9097_LOAD_MME_INSTRUCTION_RAM
		.V = (0x5a02821)
	mthd 0118 NV9097_LOAD_MME_INSTRUCTION_RAM
		.V = (0x3040)
	mthd 0118 NV9097_LOAD_MME_INSTRUCTION_RAM
		.V = (0x3d611)
	mthd 0118 NV9097_LOAD_MME_INSTRUCTION_RAM
		.V = (0x11a710)
	mthd 0118 NV9097_LOAD_MME_INSTRUCTION_RAM
		.V = (0xb827)
	mthd 0118 NV9097_LOAD_MME_INSTRUCTION_RAM
		.V = (0x310)
	mthd 0118 NV9097_LOAD_MME_INSTRUCTION_RAM
		.V = (0x7c88214)
	mthd 0118 NV9097_LOAD_MME_INSTRUCTION_RAM
		.V = (0x6d11)
	mthd 0118 NV9097_LOAD_MME_INSTRUCTION_RAM
		.V = (0x106e10)
	mthd 0118 NV9097_LOAD_MME_INSTRUCTION_RAM
		.V = (0xfffcf037)
	mthd 0118 NV9097_LOAD_MME_INSTRUCTION_RAM
		.V = (0x4f90021)
	mthd 0118 NV9097_LOAD_MME_INSTRUCTION_RAM
		.V = (0x1840)
	mthd 0118 NV9097_LOAD_MME_INSTRUCTION_RAM
		.V = (0x90)
	mthd 0118 NV9097_LOAD_MME_INSTRUCTION_RAM
		.V = (0x10)

[0x00000404] HDR 20020047 subch 0 NINC
	mthd 011c NV9097_LOAD_MME_START_ADDRESS_RAM_POINTER
		.V = (0x19)
	mthd 0120 NV9097_LOAD_MME_START_ADDRESS_RAM
		.V = (0x385)

[0x00000407] HDR a01c0045 subch 0 1INC
	mthd 0114 NV9097_LOAD_MME_INSTRUCTION_RAM_POINTER
		.V = (0x385)
	mthd 0118 NV9097_LOAD_MME_INSTRUCTION_RAM
		.V = (0x342c215)
	mthd 0118 NV9097_LOAD_MME_INSTRUCTION_RAM
		.V = (0x108b10)
	mthd 0118 NV9097_LOAD_MME_INSTRUCTION_RAM
		.V = (0x59827)
	mthd 0118 NV9097_LOAD_MME_INSTRUCTION_RAM
		.V = (0x742c021)
	mthd 0118 NV9097_LOAD_MME_INSTRUCTION_RAM
		.V = (0x840)
	mthd 0118 NV9097_LOAD_MME_INSTRUCTION_RAM
		.V = (0x4110021)
	mthd 0118 NV9097_LOAD_MME_INSTRUCTION_RAM
		.V = (0x40)
	mthd 0118 NV9097_LOAD_MME_INSTRUCTION_RAM
		.V = (0x7400021)
	mthd 0118 NV9097_LOAD_MME_INSTRUCTION_RAM
		.V = (0x40)
	mthd 0118 NV9097_LOAD_MME_INSTRUCTION_RAM
		.V = (0x840)
	mthd 0118 NV9097_LOAD_MME_INSTRUCTION_RAM
		.V = (0x600311)
	mthd 0118 NV9097_LOAD_MME_INSTRUCTION_RAM
		.V = (0x87c0c313)
	mthd 0118 NV9097_LOAD_MME_INSTRUCTION_RAM
		.V = (0x1b41)
	mthd 0118 NV9097_LOAD_MME_INSTRUCTION_RAM
		.V = (0x6310021)
	mthd 0118 NV9097_LOAD_MME_INSTRUCTION_RAM
		.V = (0x104311)
	mthd 0118 NV9097_LOAD_MME_INSTRUCTION_RAM
		.V = (0x87c0c313)
	mthd 0118 NV9097_LOAD_MME_INSTRUCTION_RAM
		.V = (0x22001b41)
	mthd 0118 NV9097_LOAD_MME_INSTRUCTION_RAM
		.V = (0x310)
	mthd 0118 NV9097_LOAD_MME_INSTRUCTION_RAM
		.V = (0x10027)
	mthd 0118 NV9097_LOAD_MME_INSTRUCTION_RAM
		.V = (0x3400315)
	mthd 0118 NV9097_LOAD_MME_INSTRUCTION_RAM
		.V = (0x4100021)
	mthd 0118 NV9097_LOAD_MME_INSTRUCTION_RAM
		.V = (0x40)
	mthd 0118 NV9097_LOAD_MME_INSTRUCTION_RAM
		.V = (0xffffdc11)
	mthd 0118 NV9097_LOAD_MME_INSTRUCTION_RAM
		.V = (0xffff2037)
	mthd 0118 NV9097_LOAD_MME_INSTRUCTION_RAM
		.V = (0x10)
	mthd 0118 NV9097_LOAD_MME_INSTRUCTION_RAM
		.V = (0x90)
	mthd 0118 NV9097_LOAD_MME_INSTRUCTION_RAM
		.V = (0x10)

[0x00000424] HDR 20020047 subch 0 NINC
	mthd 011c NV9097_LOAD_MME_START_ADDRESS_RAM_POINTER
		.V = (0x1a)
	mthd 0120 NV9097_LOAD_MME_START_ADDRESS_RAM
		.V = (0x3a0)

[0x00000427] HDR a0100045 subch 0 1INC
	mthd 0114 NV9097_LOAD_MME_INSTRUCTION_RAM_POINTER
		.V = (0x3a0)
	mthd 0118 NV9097_LOAD_MME_INSTRUCTION_RAM
		.V = (0x200)
	mthd 0118 NV9097_LOAD_MME_INSTRUCTION_RAM
		.V = (0x300)
	mthd 0118 NV9097_LOAD_MME_INSTRUCTION_RAM
		.V = (0xfc04113)
	mthd 0118 NV9097_LOAD_MME_INSTRUCTION_RAM
		.V = (0x7480821)
	mthd 0118 NV9097_LOAD_MME_INSTRUCTION_RAM
		.V = (0x1040)
	mthd 0118 NV9097_LOAD_MME_INSTRUCTION_RAM
		.V = (0x1840)
	mthd 0118 NV9097_LOAD_MME_INSTRUCTION_RAM
		.V = (0x3500415)
	mthd 0118 NV9097_LOAD_MME_INSTRUCTION_RAM
		.V = (0x16027)
	mthd 0118 NV9097_LOAD_MME_INSTRUCTION_RAM
		.V = (0xfc04113)
	mthd 0118 NV9097_LOAD_MME_INSTRUCTION_RAM
		.V = (0x4c08821)
	mthd 0118 NV9097_LOAD_MME_INSTRUCTION_RAM
		.V = (0x1040)
	mthd 0118 NV9097_LOAD_MME_INSTRUCTION_RAM
		.V = (0x1840)
	mthd 0118 NV9097_LOAD_MME_INSTRUCTION_RAM
		.V = (0x10)
	mthd 0118 NV9097_LOAD_MME_INSTRUCTION_RAM
		.V = (0x90)
	mthd 0118 NV9097_LOAD_MME_INSTRUCTION_RAM
		.V = (0x10)

[0x00000438] HDR 20020047 subch 0 NINC
	mthd 011c NV9097_LOAD_MME_START_ADDRESS_RAM_POINTER
		.V = (0x1b)
	mthd 0120 NV9097_LOAD_MME_START_ADDRESS_RAM
		.V = (0x3af)

[0x0000043b] HDR a0220045 subch 0 1INC
	mthd 0114 NV9097_LOAD_MME_INSTRUCTION_RAM_POINTER
		.V = (0x3af)
	mthd 0118 NV9097_LOAD_MME_INSTRUCTION_RAM
		.V = (0x3500215)
	mthd 0118 NV9097_LOAD_MME_INSTRUCTION_RAM
		.V = (0x108b10)
	mthd 0118 NV9097_LOAD_MME_INSTRUCTION_RAM
		.V = (0x71827)
	mthd 0118 NV9097_LOAD_MME_INSTRUCTION_RAM
		.V = (0x7500021)
	mthd 0118 NV9097_LOAD_MME_INSTRUCTION_RAM
		.V = (0x840)
	mthd 0118 NV9097_LOAD_MME_INSTRUCTION_RAM
		.V = (0x30827)
	mthd 0118 NV9097_LOAD_MME_INSTRUCTION_RAM
		.V = (0x310)
	mthd 0118 NV9097_LOAD_MME_INSTRUCTION_RAM
		.V = (0x20027)
	mthd 0118 NV9097_LOAD_MME_INSTRUCTION_RAM
		.V = (0x3481c15)
	mthd 0118 NV9097_LOAD_MME_INSTRUCTION_RAM
		.V = (0x3485d15)
	mthd 0118 NV9097_LOAD_MME_INSTRUCTION_RAM
		.V = (0xfc0c613)
	mthd 0118 NV9097_LOAD_MME_INSTRUCTION_RAM
		.V = (0x4c0b021)
	mthd 0118 NV9097_LOAD_MME_INSTRUCTION_RAM
		.V = (0x2040)
	mthd 0118 NV9097_LOAD_MME_INSTRUCTION_RAM
		.V = (0x2840)
	mthd 0118 NV9097_LOAD_MME_INSTRUCTION_RAM
		.V = (0x9b11)
	mthd 0118 NV9097_LOAD_MME_INSTRUCTION_RAM
		.V = (0xfff81c11)
	mthd 0118 NV9097_LOAD_MME_INSTRUCTION_RAM
		.V = (0xfffe2037)
	mthd 0118 NV9097_LOAD_MME_INSTRUCTION_RAM
		.V = (0x34837)
	mthd 0118 NV9097_LOAD_MME_INSTRUCTION_RAM
		.V = (0x310)
	mthd 0118 NV9097_LOAD_MME_INSTRUCTION_RAM
		.V = (0x24027)
	mthd 0118 NV9097_LOAD_MME_INSTRUCTION_RAM
		.V = (0x4c09821)
	mthd 0118 NV9097_LOAD_MME_INSTRUCTION_RAM
		.V = (0x3fe00411)
	mthd 0118 NV9097_LOAD_MME_INSTRUCTION_RAM
		.V = (0x87c10413)
	mthd 0118 NV9097_LOAD_MME_INSTRUCTION_RAM
		.V = (0x2441)
	mthd 0118 NV9097_LOAD_MME_INSTRUCTION_RAM
		.V = (0x1fe00411)
	mthd 0118 NV9097_LOAD_MME_INSTRUCTION_RAM
		.V = (0x87c10413)
	mthd 0118 NV9097_LOAD_MME_INSTRUCTION_RAM
		.V = (0x2441)
	mthd 0118 NV9097_LOAD_MME_INSTRUCTION_RAM
		.V = (0x11b11)
	mthd 0118 NV9097_LOAD_MME_INSTRUCTION_RAM
		.V = (0xfff01c11)
	mthd 0118 NV9097_LOAD_MME_INSTRUCTION_RAM
		.V = (0xfffde037)
	mthd 0118 NV9097_LOAD_MME_INSTRUCTION_RAM
		.V = (0x10)
	mthd 0118 NV9097_LOAD_MME_INSTRUCTION_RAM
		.V = (0x90)
	mthd 0118 NV9097_LOAD_MME_INSTRUCTION_RAM
		.V = (0x10)

[0x0000045e] HDR 20010d0b subch 0 NINC
	mthd 342c NV9097_SET_MME_SHADOW_SCRATCH(11)
		.V = (0xffffffff)

[0x00000460] HDR 80000d0e subch 0 IMMD
	mthd 3438 NV9097_SET_MME_SHADOW_SCRATCH(14)
		.V = (0x0)

[0x00000461] HDR 810000c8 subch 0 IMMD
	mthd 0320 NV9097_SET_TESSELLATION_PARAMETERS
		.DOMAIN_TYPE = ISOLINE
		.SPACING = INTEGER
		.OUTPUT_PRIMITIVES = LINES

[0x00000462] HDR 80010556 subch 0 IMMD
	mthd 1558 NV9097_SET_RENDER_ENABLE_C
		.MODE = TRUE

[0x00000463] HDR 80010673 subch 0 IMMD
	mthd 19cc NV9097_SET_Z_COMPRESSION
		.ENABLE = TRUE

[0x00000464] HDR 20080678 subch 0 NINC
	mthd 19e0 NV9097_SET_COLOR_COMPRESSION(0)
		.ENABLE = TRUE
	mthd 19e4 NV9097_SET_COLOR_COMPRESSION(1)
		.ENABLE = TRUE
	mthd 19e8 NV9097_SET_COLOR_COMPRESSION(2)
		.ENABLE = TRUE
	mthd 19ec NV9097_SET_COLOR_COMPRESSION(3)
		.ENABLE = TRUE
	mthd 19f0 NV9097_SET_COLOR_COMPRESSION(4)
		.ENABLE = TRUE
	mthd 19f4 NV9097_SET_COLOR_COMPRESSION(5)
		.ENABLE = TRUE
	mthd 19f8 NV9097_SET_COLOR_COMPRESSION(6)
		.ENABLE = TRUE
	mthd 19fc NV9097_SET_COLOR_COMPRESSION(7)
		.ENABLE = TRUE

[0x0000046d] HDR 80010487 subch 0 IMMD
	mthd 121c NV9097_SET_CT_SELECT
		.TARGET_COUNT = (0x1)
		.TARGET0 = (0x0)
		.TARGET1 = (0x0)
		.TARGET2 = (0x0)
		.TARGET3 = (0x0)
		.TARGET4 = (0x0)
		.TARGET5 = (0x0)
		.TARGET6 = (0x0)
		.TARGET7 = (0x0)

[0x0000046e] HDR 80010083 subch 0 IMMD
	mthd 020c NV9097_SET_ALIASED_LINE_WIDTH_ENABLE
		.V = TRUE

[0x0000046f] HDR 8000037a subch 0 IMMD
	mthd 0de8 NV9097_SET_DA_PRIMITIVE_RESTART_VERTEX_ARRAY
		.ENABLE = FALSE

[0x00000470] HDR 800104cf subch 0 IMMD
	mthd 133c NV9097_SET_BLEND_SEPARATE_FOR_ALPHA
		.ENABLE = TRUE

[0x00000471] HDR 800103e4 subch 0 IMMD
	mthd 0f90 NV9097_SET_SINGLE_CT_WRITE_CONTROL
		.ENABLE = TRUE

[0x00000472] HDR 800004d7 subch 0 IMMD
	mthd 135c NV9097_SET_SINGLE_ROP_CONTROL
		.ENABLE = FALSE

[0x00000473] HDR 80010565 subch 0 IMMD
	mthd 1594 NV9097_SET_TWO_SIDED_STENCIL_TEST
		.ENABLE = TRUE

[0x00000474] HDR 800105ad subch 0 IMMD
	mthd 16b4 NV9097_SET_ALPHA_TO_COVERAGE_OVERRIDE
		.QUALIFY_BY_ANTI_ALIAS_ENABLE = ENABLE
		.QUALIFY_BY_PS_SAMPLE_MASK_OUTPUT = DISABLE

[0x00000475] HDR 9d0104b5 subch 0 IMMD
	mthd 12d4 NV9097_SET_SHADE_MODE
		.V = OGL_SMOOTH

[0x00000476] HDR 80080359 subch 0 IMMD
	mthd 0d64 NV9097_SET_API_VISIBLE_CALL_LIMIT
		.V = _128

[0x00000477] HDR 80010547 subch 0 IMMD
	mthd 151c NV9097_SET_ZCULL_STATS
		.ENABLE = TRUE

[0x00000478] HDR 80000367 subch 0 IMMD
	mthd 0d9c NV9097_SET_REDUCE_COLOR_THRESHOLDS_ENABLE
		.V = FALSE

[0x00000479] HDR 80040433 subch 0 IMMD
	mthd 10cc NV9097_SET_REDUCE_COLOR_THRESHOLDS_UNORM8
		.ALL_COVERED_ALL_HIT_ONCE = (0x4)
		.ALL_COVERED = (0x0)

[0x0000047a] HDR 20050438 subch 0 NINC
	mthd 10e0 NV9097_SET_REDUCE_COLOR_THRESHOLDS_UNORM10
		.ALL_COVERED_ALL_HIT_ONCE = (0xff)
		.ALL_COVERED = (0x0)
	mthd 10e4 NV9097_SET_REDUCE_COLOR_THRESHOLDS_UNORM16
		.ALL_COVERED_ALL_HIT_ONCE = (0xff)
		.ALL_COVERED = (0x0)
	mthd 10e8 NV9097_SET_REDUCE_COLOR_THRESHOLDS_FP11
		.ALL_COVERED_ALL_HIT_ONCE = (0x3f)
		.ALL_COVERED = (0x0)
	mthd 10ec NV9097_SET_REDUCE_COLOR_THRESHOLDS_FP16
		.ALL_COVERED_ALL_HIT_ONCE = (0xff)
		.ALL_COVERED = (0x0)
	mthd 10f0 NV9097_SET_REDUCE_COLOR_THRESHOLDS_SRGB8
		.ALL_COVERED_ALL_HIT_ONCE = (0x4)
		.ALL_COVERED = (0x0)

[0x00000480] HDR 80000365 subch 0 IMMD
	mthd 0d94 NV9097_SET_SHADER_CACHE_CONTROL
		.ICACHE_PREFETCH_ENABLE = FALSE

[0x00000481] HDR 803f01d3 subch 0 IMMD
	mthd 074c NV9097_SET_ALPHA_FRACTION
		.V = (0x3f)

[0x00000482] HDR 200105aa subch 0 NINC
	mthd 16a8 NV9097_CHECK_SPH_VERSION
		.CURRENT = (0x3)
		.OLDEST_SUPPORTED = (0x3)

[0x00000484] HDR 200105e5 subch 0 NINC
	mthd 1794 NV9097_CHECK_AAM_VERSION
		.CURRENT = (0x2)
		.OLDEST_SUPPORTED = (0x2)

[0x00000486] HDR 80100400 subch 0 IMMD
	mthd 1000 NV9097_SET_L2_CACHE_CONTROL_FOR_VAF_REQUESTS
		.SYSTEM_MEMORY_VOLATILE = FALSE
		.POLICY = EVICT_NORMAL

[0x00000487] HDR 80100086 subch 0 IMMD
	mthd 0218 NV9097_SET_L2_CACHE_CONTROL_FOR_ROP_PREFETCH_READ_REQUESTS
		.POLICY = EVICT_NORMAL

[0x00000488] HDR 8010043f subch 0 IMMD
	mthd 10fc NV9097_SET_L2_CACHE_CONTROL_FOR_ROP_NONINTERLOCKED_READ_REQUESTS
		.POLICY = EVICT_NORMAL

[0x00000489] HDR 801004a4 subch 0 IMMD
	mthd 1290 NV9097_SET_L2_CACHE_CONTROL_FOR_ROP_INTERLOCKED_READ_REQUESTS
		.POLICY = EVICT_NORMAL

[0x0000048a] HDR 801004b6 subch 0 IMMD
	mthd 12d8 NV9097_SET_L2_CACHE_CONTROL_FOR_ROP_NONINTERLOCKED_WRITE_REQUESTS
		.POLICY = EVICT_NORMAL

[0x0000048b] HDR 801004b7 subch 0 IMMD
	mthd 12dc NV9097_SET_L2_CACHE_CONTROL_FOR_ROP_INTERLOCKED_WRITE_REQUESTS
		.POLICY = EVICT_NORMAL

[0x0000048c] HDR 80100450 subch 0 IMMD
	mthd 1140 NV9097_SET_BLEND_PER_FORMAT_ENABLE
		.SNORM8_UNORM16_SNORM16 = TRUE

[0x0000048d] HDR 800e0584 subch 0 IMMD
	mthd 1610 NV9097_SET_ATTRIBUTE_DEFAULT
		.COLOR_FRONT_DIFFUSE = VECTOR_0001
		.COLOR_FRONT_SPECULAR = VECTOR_0001
		.GENERIC_VECTOR = VECTOR_0001
		.FIXED_FNC_TEXTURE = VECTOR_0001
		.DX9_COLOR0 = VECTOR_0001
		.DX9_COLOR1_TO_COLOR15 = VECTOR_0000

[0x0000048e] HDR 90000593 subch 0 IMMD
	mthd 164c NV9097_SET_DA_OUTPUT
		.VERTEX_ID_USES_ARRAY_START = TRUE

[0x0000048f] HDR 800000c3 subch 0 IMMD
	mthd 030c NV9097_SET_RENDER_ENABLE_CONTROL
		.CONDITIONAL_LOAD_CONSTANT_BUFFER = FALSE

[0x00000490] HDR 800300c0 subch 0 IMMD
	mthd 0300 NV9097_SET_PS_OUTPUT_SAMPLE_MASK_USAGE
		.ENABLE = TRUE
		.QUALIFY_BY_ANTI_ALIAS_ENABLE = ENABLE

[0x00000491] HDR 200100b4 subch 0 NINC
	mthd 02d0 NV9097_SET_PRIM_CIRCULAR_BUFFER_THROTTLE
		.PRIM_AREA = (0x3fffff)

[0x00000493] HDR 800103f7 subch 0 IMMD
	mthd 0fdc NV9097_SET_BLEND_OPT_CONTROL
		.ALLOW_FLOAT_PIXEL_KILLS = TRUE

[0x00000494] HDR 80010670 subch 0 IMMD
	mthd 19c0 NV9097_SET_BLEND_FLOAT_OPTION
		.ZERO_TIMES_ANYTHING_IS_ZERO = TRUE

[0x00000495] HDR 800104b9 subch 0 IMMD
	mthd 12e4 NV9097_SET_BLEND_STATE_PER_TARGET
		.ENABLE = TRUE

[0x00000496] HDR 800004bb subch 0 IMMD
	mthd 12ec NV9097_SET_ALPHA_TEST
		.ENABLE = FALSE

[0x00000497] HDR 800005a2 subch 0 IMMD
	mthd 1688 NV9097_SET_TWO_SIDED_LIGHT
		.ENABLE = FALSE

[0x00000498] HDR 80010980 subch 0 IMMD
	mthd 2600 NV9097_SET_COLOR_CLAMP
		.ENABLE = TRUE

[0x00000499] HDR 800004ea subch 0 IMMD
	mthd 13a8 NVA297_SET_PS_SATURATE
		.OUTPUT0 = FALSE
		.CLAMP_RANGE0 = ZERO_TO_PLUS_ONE
		.OUTPUT1 = FALSE
		.CLAMP_RANGE1 = ZERO_TO_PLUS_ONE
		.OUTPUT2 = FALSE
		.CLAMP_RANGE2 = ZERO_TO_PLUS_ONE
		.OUTPUT3 = FALSE
		.CLAMP_RANGE3 = ZERO_TO_PLUS_ONE
		.OUTPUT4 = FALSE
		.CLAMP_RANGE4 = ZERO_TO_PLUS_ONE
		.OUTPUT5 = FALSE
		.CLAMP_RANGE5 = ZERO_TO_PLUS_ONE
		.OUTPUT6 = FALSE
		.CLAMP_RANGE6 = ZERO_TO_PLUS_ONE
		.OUTPUT7 = FALSE
		.CLAMP_RANGE7 = ZERO_TO_PLUS_ONE

[0x0000049a] HDR 80010545 subch 0 IMMD
	mthd 1514 NV9097_SET_ZPASS_PIXEL_COUNT
		.ENABLE = TRUE

[0x0000049b] HDR 20010546 subch 0 NINC
	mthd 1518 NV9097_SET_POINT_SIZE
		.V = 1.000000f (0x3f800000)

[0x0000049d] HDR 80010644 subch 0 IMMD
	mthd 1910 NV9097_SET_ATTRIBUTE_POINT_SIZE
		.ENABLE = TRUE
		.SLOT = (0x0)

[0x0000049e] HDR 80010548 subch 0 IMMD
	mthd 1520 NV9097_SET_POINT_SPRITE
		.ENABLE = TRUE

[0x0000049f] HDR 80040581 subch 0 IMMD
	mthd 1604 NV9097_SET_POINT_SPRITE_SELECT
		.RMODE = ZERO
		.ORIGIN = TOP
		.TEXTURE0 = PASSTHROUGH
		.TEXTURE1 = PASSTHROUGH
		.TEXTURE2 = PASSTHROUGH
		.TEXTURE3 = PASSTHROUGH
		.TEXTURE4 = PASSTHROUGH
		.TEXTURE5 = PASSTHROUGH
		.TEXTURE6 = PASSTHROUGH
		.TEXTURE7 = PASSTHROUGH
		.TEXTURE8 = PASSTHROUGH
		.TEXTURE9 = PASSTHROUGH

[0x000004a0] HDR 80000596 subch 0 IMMD
	mthd 1658 NV9097_SET_ANTI_ALIASED_POINT
		.ENABLE = FALSE

[0x000004a1] HDR 8000044f subch 0 IMMD
	mthd 113c NVB197_SET_FILL_VIA_TRIANGLE
		.MODE = DISABLED

[0x000004a2] HDR 8000036d subch 0 IMMD
	mthd 0db4 NV9097_SET_POLY_SMOOTH
		.ENABLE = FALSE

[0x000004a3] HDR 80000649 subch 0 IMMD
	mthd 1924 NV9097_SET_VIEWPORT_PIXEL
		.CENTER = AT_HALF_INTEGERS

[0x000004a4] HDR 80000d18 subch 0 IMMD
	mthd 3460 NV9097_SET_MME_SHADOW_SCRATCH(24)
		.V = (0x0)

[0x000004a5] HDR 800f0d17 subch 0 IMMD
	mthd 345c NV9097_SET_MME_SHADOW_SCRATCH(23)
		.V = (0xf)

[0x000004a6] HDR 8001054d subch 0 IMMD
	mthd 1534 NV9097_SET_ANTI_ALIAS_ENABLE
		.V = TRUE

[0x000004a7] HDR 8001044e subch 0 IMMD
	mthd 1138 NVB197_SET_POST_PS_INITIAL_COVERAGE
		.USE_PRE_PS_COVERAGE = TRUE

[0x000004a8] HDR 8000047c subch 0 IMMD
	mthd 11f0 NVB197_SET_OFFSET_RENDER_TARGET_INDEX
		.BY_VIEWPORT_INDEX = FALSE

[0x000004a9] HDR 800004eb subch 0 IMMD
	mthd 13ac NV9097_SET_WINDOW_ORIGIN
		.MODE = UPPER_LEFT
		.FLIP_Y = FALSE

[0x000004aa] HDR 2002037e subch 0 NINC
	mthd 0df8 NV9097_SET_WINDOW_OFFSET_X
		.V = (0x0)
	mthd 0dfc NV9097_SET_WINDOW_OFFSET_Y
		.V = (0x0)

[0x000004ad] HDR 8000065b subch 0 IMMD
	mthd 196c NV9097_SET_ZCULL_BOUNDS
		.Z_MIN_UNBOUNDED_ENABLE = FALSE
		.Z_MAX_UNBOUNDED_ENABLE = FALSE

[0x000004ae] HDR 8001065a subch 0 IMMD
	mthd 1968 NV9097_SET_ZCULL
		.Z_ENABLE = TRUE
		.STENCIL_ENABLE = FALSE

[0x000004af] HDR a0010e06 subch 0 1INC
	mthd 3818 NV9097_CALL_MME_MACRO(3)
		.V = (0x1)

[0x000004b1] HDR 8000065f subch 0 IMMD
	mthd 197c NV9097_SET_CLIP_ID_TEST
		.ENABLE = FALSE

[0x000004b2] HDR 8001064b subch 0 IMMD
	mthd 192c NV9097_SET_VIEWPORT_SCALE_OFFSET
		.ENABLE = TRUE

[0x000004b3] HDR 8018064f subch 0 IMMD
	mthd 193c NVB197_SET_VIEWPORT_CLIP_CONTROL
		.MIN_Z_ZERO_MAX_Z_ONE = FALSE
		.PIXEL_MIN_Z = CLAMP
		.PIXEL_MAX_Z = CLAMP
		.GEOMETRY_GUARDBAND = SCALE_256
		.LINE_POINT_CULL_GUARDBAND = SCALE_256
		.GEOMETRY_CLIP = WZERO_CLIP
		.GEOMETRY_GUARDBAND_Z = SAME_AS_XY_GUARDBAND

[0x000004b4] HDR 80000380 subch 0 IMMD
	mthd 0e00 NV9097_SET_SCISSOR_ENABLE(0)
		.V = FALSE

[0x000004b5] HDR 80000384 subch 0 IMMD
	mthd 0e10 NV9097_SET_SCISSOR_ENABLE(1)
		.V = FALSE

[0x000004b6] HDR 80000388 subch 0 IMMD
	mthd 0e20 NV9097_SET_SCISSOR_ENABLE(2)
		.V = FALSE

[0x000004b7] HDR 8000038c subch 0 IMMD
	mthd 0e30 NV9097_SET_SCISSOR_ENABLE(3)
		.V = FALSE

[0x000004b8] HDR 80000390 subch 0 IMMD
	mthd 0e40 NV9097_SET_SCISSOR_ENABLE(4)
		.V = FALSE

[0x000004b9] HDR 80000394 subch 0 IMMD
	mthd 0e50 NV9097_SET_SCISSOR_ENABLE(5)
		.V = FALSE

[0x000004ba] HDR 80000398 subch 0 IMMD
	mthd 0e60 NV9097_SET_SCISSOR_ENABLE(6)
		.V = FALSE

[0x000004bb] HDR 8000039c subch 0 IMMD
	mthd 0e70 NV9097_SET_SCISSOR_ENABLE(7)
		.V = FALSE

[0x000004bc] HDR 800003a0 subch 0 IMMD
	mthd 0e80 NV9097_SET_SCISSOR_ENABLE(8)
		.V = FALSE

[0x000004bd] HDR 800003a4 subch 0 IMMD
	mthd 0e90 NV9097_SET_SCISSOR_ENABLE(9)
		.V = FALSE

[0x000004be] HDR 800003a8 subch 0 IMMD
	mthd 0ea0 NV9097_SET_SCISSOR_ENABLE(10)
		.V = FALSE

[0x000004bf] HDR 800003ac subch 0 IMMD
	mthd 0eb0 NV9097_SET_SCISSOR_ENABLE(11)
		.V = FALSE

[0x000004c0] HDR 800003b0 subch 0 IMMD
	mthd 0ec0 NV9097_SET_SCISSOR_ENABLE(12)
		.V = FALSE

[0x000004c1] HDR 800003b4 subch 0 IMMD
	mthd 0ed0 NV9097_SET_SCISSOR_ENABLE(13)
		.V = FALSE

[0x000004c2] HDR 800003b8 subch 0 IMMD
	mthd 0ee0 NV9097_SET_SCISSOR_ENABLE(14)
		.V = FALSE

[0x000004c3] HDR 800003bc subch 0 IMMD
	mthd 0ef0 NV9097_SET_SCISSOR_ENABLE(15)
		.V = FALSE

[0x000004c4] HDR 800103eb subch 0 IMMD
	mthd 0fac NV9097_SET_CT_MRT_ENABLE
		.V = TRUE

[0x000004c5] HDR 20020582 subch 0 NINC
	mthd 1608 NV9097_SET_PROGRAM_REGION_A
		.ADDRESS_UPPER = (0x0)
	mthd 160c NV9097_SET_PROGRAM_REGION_B
		.ADDRESS_LOWER = (0xa052000)

[0x000004c8] HDR 200101df subch 0 NINC
	mthd 077c NV9097_SET_SHADER_LOCAL_MEMORY_WINDOW
		.BASE_ADDRESS = (0xff000000)

[0x000004ca] HDR 80000904 subch 0 IMMD
	mthd 2410 NV9097_BIND_GROUP_CONSTANT_BUFFER(0)
		.VALID = FALSE
		.SHADER_SLOT = (0x0)

[0x000004cb] HDR 80100904 subch 0 IMMD
	mthd 2410 NV9097_BIND_GROUP_CONSTANT_BUFFER(0)
		.VALID = FALSE
		.SHADER_SLOT = (0x1)

[0x000004cc] HDR 80200904 subch 0 IMMD
	mthd 2410 NV9097_BIND_GROUP_CONSTANT_BUFFER(0)
		.VALID = FALSE
		.SHADER_SLOT = (0x2)

[0x000004cd] HDR 80300904 subch 0 IMMD
	mthd 2410 NV9097_BIND_GROUP_CONSTANT_BUFFER(0)
		.VALID = FALSE
		.SHADER_SLOT = (0x3)

[0x000004ce] HDR 80400904 subch 0 IMMD
	mthd 2410 NV9097_BIND_GROUP_CONSTANT_BUFFER(0)
		.VALID = FALSE
		.SHADER_SLOT = (0x4)

[0x000004cf] HDR 80500904 subch 0 IMMD
	mthd 2410 NV9097_BIND_GROUP_CONSTANT_BUFFER(0)
		.VALID = FALSE
		.SHADER_SLOT = (0x5)

[0x000004d0] HDR 80600904 subch 0 IMMD
	mthd 2410 NV9097_BIND_GROUP_CONSTANT_BUFFER(0)
		.VALID = FALSE
		.SHADER_SLOT = (0x6)

[0x000004d1] HDR 80700904 subch 0 IMMD
	mthd 2410 NV9097_BIND_GROUP_CONSTANT_BUFFER(0)
		.VALID = FALSE
		.SHADER_SLOT = (0x7)

[0x000004d2] HDR 80800904 subch 0 IMMD
	mthd 2410 NV9097_BIND_GROUP_CONSTANT_BUFFER(0)
		.VALID = FALSE
		.SHADER_SLOT = (0x8)

[0x000004d3] HDR 80900904 subch 0 IMMD
	mthd 2410 NV9097_BIND_GROUP_CONSTANT_BUFFER(0)
		.VALID = FALSE
		.SHADER_SLOT = (0x9)

[0x000004d4] HDR 80a00904 subch 0 IMMD
	mthd 2410 NV9097_BIND_GROUP_CONSTANT_BUFFER(0)
		.VALID = FALSE
		.SHADER_SLOT = (0xa)

[0x000004d5] HDR 80b00904 subch 0 IMMD
	mthd 2410 NV9097_BIND_GROUP_CONSTANT_BUFFER(0)
		.VALID = FALSE
		.SHADER_SLOT = (0xb)

[0x000004d6] HDR 80c00904 subch 0 IMMD
	mthd 2410 NV9097_BIND_GROUP_CONSTANT_BUFFER(0)
		.VALID = FALSE
		.SHADER_SLOT = (0xc)

[0x000004d7] HDR 80d00904 subch 0 IMMD
	mthd 2410 NV9097_BIND_GROUP_CONSTANT_BUFFER(0)
		.VALID = FALSE
		.SHADER_SLOT = (0xd)

[0x000004d8] HDR 80e00904 subch 0 IMMD
	mthd 2410 NV9097_BIND_GROUP_CONSTANT_BUFFER(0)
		.VALID = FALSE
		.SHADER_SLOT = (0xe)

[0x000004d9] HDR 80f00904 subch 0 IMMD
	mthd 2410 NV9097_BIND_GROUP_CONSTANT_BUFFER(0)
		.VALID = FALSE
		.SHADER_SLOT = (0xf)

[0x000004da] HDR 8000090c subch 0 IMMD
	mthd 2430 NV9097_BIND_GROUP_CONSTANT_BUFFER(1)
		.VALID = FALSE
		.SHADER_SLOT = (0x0)

[0x000004db] HDR 8010090c subch 0 IMMD
	mthd 2430 NV9097_BIND_GROUP_CONSTANT_BUFFER(1)
		.VALID = FALSE
		.SHADER_SLOT = (0x1)

[0x000004dc] HDR 8020090c subch 0 IMMD
	mthd 2430 NV9097_BIND_GROUP_CONSTANT_BUFFER(1)
		.VALID = FALSE
		.SHADER_SLOT = (0x2)

[0x000004dd] HDR 8030090c subch 0 IMMD
	mthd 2430 NV9097_BIND_GROUP_CONSTANT_BUFFER(1)
		.VALID = FALSE
		.SHADER_SLOT = (0x3)

[0x000004de] HDR 8040090c subch 0 IMMD
	mthd 2430 NV9097_BIND_GROUP_CONSTANT_BUFFER(1)
		.VALID = FALSE
		.SHADER_SLOT = (0x4)

[0x000004df] HDR 8050090c subch 0 IMMD
	mthd 2430 NV9097_BIND_GROUP_CONSTANT_BUFFER(1)
		.VALID = FALSE
		.SHADER_SLOT = (0x5)

[0x000004e0] HDR 8060090c subch 0 IMMD
	mthd 2430 NV9097_BIND_GROUP_CONSTANT_BUFFER(1)
		.VALID = FALSE
		.SHADER_SLOT = (0x6)

[0x000004e1] HDR 8070090c subch 0 IMMD
	mthd 2430 NV9097_BIND_GROUP_CONSTANT_BUFFER(1)
		.VALID = FALSE
		.SHADER_SLOT = (0x7)

[0x000004e2] HDR 8080090c subch 0 IMMD
	mthd 2430 NV9097_BIND_GROUP_CONSTANT_BUFFER(1)
		.VALID = FALSE
		.SHADER_SLOT = (0x8)

[0x000004e3] HDR 8090090c subch 0 IMMD
	mthd 2430 NV9097_BIND_GROUP_CONSTANT_BUFFER(1)
		.VALID = FALSE
		.SHADER_SLOT = (0x9)

[0x000004e4] HDR 80a0090c subch 0 IMMD
	mthd 2430 NV9097_BIND_GROUP_CONSTANT_BUFFER(1)
		.VALID = FALSE
		.SHADER_SLOT = (0xa)

[0x000004e5] HDR 80b0090c subch 0 IMMD
	mthd 2430 NV9097_BIND_GROUP_CONSTANT_BUFFER(1)
		.VALID = FALSE
		.SHADER_SLOT = (0xb)

[0x000004e6] HDR 80c0090c subch 0 IMMD
	mthd 2430 NV9097_BIND_GROUP_CONSTANT_BUFFER(1)
		.VALID = FALSE
		.SHADER_SLOT = (0xc)

[0x000004e7] HDR 80d0090c subch 0 IMMD
	mthd 2430 NV9097_BIND_GROUP_CONSTANT_BUFFER(1)
		.VALID = FALSE
		.SHADER_SLOT = (0xd)

[0x000004e8] HDR 80e0090c subch 0 IMMD
	mthd 2430 NV9097_BIND_GROUP_CONSTANT_BUFFER(1)
		.VALID = FALSE
		.SHADER_SLOT = (0xe)

[0x000004e9] HDR 80f0090c subch 0 IMMD
	mthd 2430 NV9097_BIND_GROUP_CONSTANT_BUFFER(1)
		.VALID = FALSE
		.SHADER_SLOT = (0xf)

[0x000004ea] HDR 80000914 subch 0 IMMD
	mthd 2450 NV9097_BIND_GROUP_CONSTANT_BUFFER(2)
		.VALID = FALSE
		.SHADER_SLOT = (0x0)

[0x000004eb] HDR 80100914 subch 0 IMMD
	mthd 2450 NV9097_BIND_GROUP_CONSTANT_BUFFER(2)
		.VALID = FALSE
		.SHADER_SLOT = (0x1)

[0x000004ec] HDR 80200914 subch 0 IMMD
	mthd 2450 NV9097_BIND_GROUP_CONSTANT_BUFFER(2)
		.VALID = FALSE
		.SHADER_SLOT = (0x2)

[0x000004ed] HDR 80300914 subch 0 IMMD
	mthd 2450 NV9097_BIND_GROUP_CONSTANT_BUFFER(2)
		.VALID = FALSE
		.SHADER_SLOT = (0x3)

[0x000004ee] HDR 80400914 subch 0 IMMD
	mthd 2450 NV9097_BIND_GROUP_CONSTANT_BUFFER(2)
		.VALID = FALSE
		.SHADER_SLOT = (0x4)

[0x000004ef] HDR 80500914 subch 0 IMMD
	mthd 2450 NV9097_BIND_GROUP_CONSTANT_BUFFER(2)
		.VALID = FALSE
		.SHADER_SLOT = (0x5)

[0x000004f0] HDR 80600914 subch 0 IMMD
	mthd 2450 NV9097_BIND_GROUP_CONSTANT_BUFFER(2)
		.VALID = FALSE
		.SHADER_SLOT = (0x6)

[0x000004f1] HDR 80700914 subch 0 IMMD
	mthd 2450 NV9097_BIND_GROUP_CONSTANT_BUFFER(2)
		.VALID = FALSE
		.SHADER_SLOT = (0x7)

[0x000004f2] HDR 80800914 subch 0 IMMD
	mthd 2450 NV9097_BIND_GROUP_CONSTANT_BUFFER(2)
		.VALID = FALSE
		.SHADER_SLOT = (0x8)

[0x000004f3] HDR 80900914 subch 0 IMMD
	mthd 2450 NV9097_BIND_GROUP_CONSTANT_BUFFER(2)
		.VALID = FALSE
		.SHADER_SLOT = (0x9)

[0x000004f4] HDR 80a00914 subch 0 IMMD
	mthd 2450 NV9097_BIND_GROUP_CONSTANT_BUFFER(2)
		.VALID = FALSE
		.SHADER_SLOT = (0xa)

[0x000004f5] HDR 80b00914 subch 0 IMMD
	mthd 2450 NV9097_BIND_GROUP_CONSTANT_BUFFER(2)
		.VALID = FALSE
		.SHADER_SLOT = (0xb)

[0x000004f6] HDR 80c00914 subch 0 IMMD
	mthd 2450 NV9097_BIND_GROUP_CONSTANT_BUFFER(2)
		.VALID = FALSE
		.SHADER_SLOT = (0xc)

[0x000004f7] HDR 80d00914 subch 0 IMMD
	mthd 2450 NV9097_BIND_GROUP_CONSTANT_BUFFER(2)
		.VALID = FALSE
		.SHADER_SLOT = (0xd)

[0x000004f8] HDR 80e00914 subch 0 IMMD
	mthd 2450 NV9097_BIND_GROUP_CONSTANT_BUFFER(2)
		.VALID = FALSE
		.SHADER_SLOT = (0xe)

[0x000004f9] HDR 80f00914 subch 0 IMMD
	mthd 2450 NV9097_BIND_GROUP_CONSTANT_BUFFER(2)
		.VALID = FALSE
		.SHADER_SLOT = (0xf)

[0x000004fa] HDR 8000091c subch 0 IMMD
	mthd 2470 NV9097_BIND_GROUP_CONSTANT_BUFFER(3)
		.VALID = FALSE
		.SHADER_SLOT = (0x0)

[0x000004fb] HDR 8010091c subch 0 IMMD
	mthd 2470 NV9097_BIND_GROUP_CONSTANT_BUFFER(3)
		.VALID = FALSE
		.SHADER_SLOT = (0x1)

[0x000004fc] HDR 8020091c subch 0 IMMD
	mthd 2470 NV9097_BIND_GROUP_CONSTANT_BUFFER(3)
		.VALID = FALSE
		.SHADER_SLOT = (0x2)

[0x000004fd] HDR 8030091c subch 0 IMMD
	mthd 2470 NV9097_BIND_GROUP_CONSTANT_BUFFER(3)
		.VALID = FALSE
		.SHADER_SLOT = (0x3)

[0x000004fe] HDR 8040091c subch 0 IMMD
	mthd 2470 NV9097_BIND_GROUP_CONSTANT_BUFFER(3)
		.VALID = FALSE
		.SHADER_SLOT = (0x4)

[0x000004ff] HDR 8050091c subch 0 IMMD
	mthd 2470 NV9097_BIND_GROUP_CONSTANT_BUFFER(3)
		.VALID = FALSE
		.SHADER_SLOT = (0x5)

[0x00000500] HDR 8060091c subch 0 IMMD
	mthd 2470 NV9097_BIND_GROUP_CONSTANT_BUFFER(3)
		.VALID = FALSE
		.SHADER_SLOT = (0x6)

[0x00000501] HDR 8070091c subch 0 IMMD
	mthd 2470 NV9097_BIND_GROUP_CONSTANT_BUFFER(3)
		.VALID = FALSE
		.SHADER_SLOT = (0x7)

[0x00000502] HDR 8080091c subch 0 IMMD
	mthd 2470 NV9097_BIND_GROUP_CONSTANT_BUFFER(3)
		.VALID = FALSE
		.SHADER_SLOT = (0x8)

[0x00000503] HDR 8090091c subch 0 IMMD
	mthd 2470 NV9097_BIND_GROUP_CONSTANT_BUFFER(3)
		.VALID = FALSE
		.SHADER_SLOT = (0x9)

[0x00000504] HDR 80a0091c subch 0 IMMD
	mthd 2470 NV9097_BIND_GROUP_CONSTANT_BUFFER(3)
		.VALID = FALSE
		.SHADER_SLOT = (0xa)

[0x00000505] HDR 80b0091c subch 0 IMMD
	mthd 2470 NV9097_BIND_GROUP_CONSTANT_BUFFER(3)
		.VALID = FALSE
		.SHADER_SLOT = (0xb)

[0x00000506] HDR 80c0091c subch 0 IMMD
	mthd 2470 NV9097_BIND_GROUP_CONSTANT_BUFFER(3)
		.VALID = FALSE
		.SHADER_SLOT = (0xc)

[0x00000507] HDR 80d0091c subch 0 IMMD
	mthd 2470 NV9097_BIND_GROUP_CONSTANT_BUFFER(3)
		.VALID = FALSE
		.SHADER_SLOT = (0xd)

[0x00000508] HDR 80e0091c subch 0 IMMD
	mthd 2470 NV9097_BIND_GROUP_CONSTANT_BUFFER(3)
		.VALID = FALSE
		.SHADER_SLOT = (0xe)

[0x00000509] HDR 80f0091c subch 0 IMMD
	mthd 2470 NV9097_BIND_GROUP_CONSTANT_BUFFER(3)
		.VALID = FALSE
		.SHADER_SLOT = (0xf)

[0x0000050a] HDR 80000924 subch 0 IMMD
	mthd 2490 NV9097_BIND_GROUP_CONSTANT_BUFFER(4)
		.VALID = FALSE
		.SHADER_SLOT = (0x0)

[0x0000050b] HDR 80100924 subch 0 IMMD
	mthd 2490 NV9097_BIND_GROUP_CONSTANT_BUFFER(4)
		.VALID = FALSE
		.SHADER_SLOT = (0x1)

[0x0000050c] HDR 80200924 subch 0 IMMD
	mthd 2490 NV9097_BIND_GROUP_CONSTANT_BUFFER(4)
		.VALID = FALSE
		.SHADER_SLOT = (0x2)

[0x0000050d] HDR 80300924 subch 0 IMMD
	mthd 2490 NV9097_BIND_GROUP_CONSTANT_BUFFER(4)
		.VALID = FALSE
		.SHADER_SLOT = (0x3)

[0x0000050e] HDR 80400924 subch 0 IMMD
	mthd 2490 NV9097_BIND_GROUP_CONSTANT_BUFFER(4)
		.VALID = FALSE
		.SHADER_SLOT = (0x4)

[0x0000050f] HDR 80500924 subch 0 IMMD
	mthd 2490 NV9097_BIND_GROUP_CONSTANT_BUFFER(4)
		.VALID = FALSE
		.SHADER_SLOT = (0x5)

[0x00000510] HDR 80600924 subch 0 IMMD
	mthd 2490 NV9097_BIND_GROUP_CONSTANT_BUFFER(4)
		.VALID = FALSE
		.SHADER_SLOT = (0x6)

[0x00000511] HDR 80700924 subch 0 IMMD
	mthd 2490 NV9097_BIND_GROUP_CONSTANT_BUFFER(4)
		.VALID = FALSE
		.SHADER_SLOT = (0x7)

[0x00000512] HDR 80800924 subch 0 IMMD
	mthd 2490 NV9097_BIND_GROUP_CONSTANT_BUFFER(4)
		.VALID = FALSE
		.SHADER_SLOT = (0x8)

[0x00000513] HDR 80900924 subch 0 IMMD
	mthd 2490 NV9097_BIND_GROUP_CONSTANT_BUFFER(4)
		.VALID = FALSE
		.SHADER_SLOT = (0x9)

[0x00000514] HDR 80a00924 subch 0 IMMD
	mthd 2490 NV9097_BIND_GROUP_CONSTANT_BUFFER(4)
		.VALID = FALSE
		.SHADER_SLOT = (0xa)

[0x00000515] HDR 80b00924 subch 0 IMMD
	mthd 2490 NV9097_BIND_GROUP_CONSTANT_BUFFER(4)
		.VALID = FALSE
		.SHADER_SLOT = (0xb)

[0x00000516] HDR 80c00924 subch 0 IMMD
	mthd 2490 NV9097_BIND_GROUP_CONSTANT_BUFFER(4)
		.VALID = FALSE
		.SHADER_SLOT = (0xc)

[0x00000517] HDR 80d00924 subch 0 IMMD
	mthd 2490 NV9097_BIND_GROUP_CONSTANT_BUFFER(4)
		.VALID = FALSE
		.SHADER_SLOT = (0xd)

[0x00000518] HDR 80e00924 subch 0 IMMD
	mthd 2490 NV9097_BIND_GROUP_CONSTANT_BUFFER(4)
		.VALID = FALSE
		.SHADER_SLOT = (0xe)

[0x00000519] HDR 80f00924 subch 0 IMMD
	mthd 2490 NV9097_BIND_GROUP_CONSTANT_BUFFER(4)
		.VALID = FALSE
		.SHADER_SLOT = (0xf)

[0x0000051a] HDR 80000573 subch 0 IMMD
	mthd 15cc NV9097_SET_RT_LAYER
		.V = (0x0)
		.CONTROL = V_SELECTS_LAYER

[0x0000051b] HDR 80000597 subch 0 IMMD
	mthd 165c NV9097_SET_POINT_CENTER_MODE
		.V = OGL

[0x0000051c] HDR 80010579 subch 0 IMMD
	mthd 15e4 NV9097_SET_EDGE_FLAG
		.V = TRUE

[0x0000051d] HDR 8000048d subch 0 IMMD
	mthd 1234 NV9097_SET_SAMPLER_BINDING
		.V = INDEPENDENTLY

[0x0000051e] HDR 80010652 subch 0 IMMD
	mthd 1948 NV9097_SET_PRIMITIVE_TOPOLOGY_CONTROL
		.OVERRIDE = USE_SEPARATE_TOPOLOGY_STATE

[0x0000051f] HDR 200203e1 subch 0 NINC
	mthd 0f84 NV9097_SET_VERTEX_STREAM_SUBSTITUTE_A
		.ADDRESS_UPPER = (0x0)
	mthd 0f88 NV9097_SET_VERTEX_STREAM_SUBSTITUTE_B
		.ADDRESS_LOWER = (0x8001000)

[0x00000522] HDR 20010d0d subch 0 NINC
	mthd 3434 NV9097_SET_MME_SHADOW_SCRATCH(13)
		.V = (0x0)

[0x00000524] HDR 80000700 subch 0 IMMD
	mthd 1c00 NV9097_SET_VERTEX_STREAM_A_FORMAT(0)
		.STRIDE = (0x0)
		.ENABLE = FALSE

[0x00000525] HDR 80000704 subch 0 IMMD
	mthd 1c10 NV9097_SET_VERTEX_STREAM_A_FORMAT(1)
		.STRIDE = (0x0)
		.ENABLE = FALSE

[0x00000526] HDR 80000708 subch 0 IMMD
	mthd 1c20 NV9097_SET_VERTEX_STREAM_A_FORMAT(2)
		.STRIDE = (0x0)
		.ENABLE = FALSE

[0x00000527] HDR 8000070c subch 0 IMMD
	mthd 1c30 NV9097_SET_VERTEX_STREAM_A_FORMAT(3)
		.STRIDE = (0x0)
		.ENABLE = FALSE

[0x00000528] HDR 80000710 subch 0 IMMD
	mthd 1c40 NV9097_SET_VERTEX_STREAM_A_FORMAT(4)
		.STRIDE = (0x0)
		.ENABLE = FALSE

[0x00000529] HDR 80000714 subch 0 IMMD
	mthd 1c50 NV9097_SET_VERTEX_STREAM_A_FORMAT(5)
		.STRIDE = (0x0)
		.ENABLE = FALSE

[0x0000052a] HDR 80000718 subch 0 IMMD
	mthd 1c60 NV9097_SET_VERTEX_STREAM_A_FORMAT(6)
		.STRIDE = (0x0)
		.ENABLE = FALSE

[0x0000052b] HDR 8000071c subch 0 IMMD
	mthd 1c70 NV9097_SET_VERTEX_STREAM_A_FORMAT(7)
		.STRIDE = (0x0)
		.ENABLE = FALSE

[0x0000052c] HDR 80000720 subch 0 IMMD
	mthd 1c80 NV9097_SET_VERTEX_STREAM_A_FORMAT(8)
		.STRIDE = (0x0)
		.ENABLE = FALSE

[0x0000052d] HDR 80000724 subch 0 IMMD
	mthd 1c90 NV9097_SET_VERTEX_STREAM_A_FORMAT(9)
		.STRIDE = (0x0)
		.ENABLE = FALSE

[0x0000052e] HDR 80000728 subch 0 IMMD
	mthd 1ca0 NV9097_SET_VERTEX_STREAM_A_FORMAT(10)
		.STRIDE = (0x0)
		.ENABLE = FALSE

[0x0000052f] HDR 8000072c subch 0 IMMD
	mthd 1cb0 NV9097_SET_VERTEX_STREAM_A_FORMAT(11)
		.STRIDE = (0x0)
		.ENABLE = FALSE

[0x00000530] HDR 80000730 subch 0 IMMD
	mthd 1cc0 NV9097_SET_VERTEX_STREAM_A_FORMAT(12)
		.STRIDE = (0x0)
		.ENABLE = FALSE

[0x00000531] HDR 80000734 subch 0 IMMD
	mthd 1cd0 NV9097_SET_VERTEX_STREAM_A_FORMAT(13)
		.STRIDE = (0x0)
		.ENABLE = FALSE

[0x00000532] HDR 80000738 subch 0 IMMD
	mthd 1ce0 NV9097_SET_VERTEX_STREAM_A_FORMAT(14)
		.STRIDE = (0x0)
		.ENABLE = FALSE

[0x00000533] HDR 8000073c subch 0 IMMD
	mthd 1cf0 NV9097_SET_VERTEX_STREAM_A_FORMAT(15)
		.STRIDE = (0x0)
		.ENABLE = FALSE

[0x00000534] HDR 80000740 subch 0 IMMD
	mthd 1d00 NV9097_SET_VERTEX_STREAM_B_FORMAT(0)
		.STRIDE = (0x0)
		.ENABLE = FALSE

[0x00000535] HDR 80000744 subch 0 IMMD
	mthd 1d10 NV9097_SET_VERTEX_STREAM_B_FORMAT(1)
		.STRIDE = (0x0)
		.ENABLE = FALSE

[0x00000536] HDR 80000748 subch 0 IMMD
	mthd 1d20 NV9097_SET_VERTEX_STREAM_B_FORMAT(2)
		.STRIDE = (0x0)
		.ENABLE = FALSE

[0x00000537] HDR 8000074c subch 0 IMMD
	mthd 1d30 NV9097_SET_VERTEX_STREAM_B_FORMAT(3)
		.STRIDE = (0x0)
		.ENABLE = FALSE

[0x00000538] HDR 80000750 subch 0 IMMD
	mthd 1d40 NV9097_SET_VERTEX_STREAM_B_FORMAT(4)
		.STRIDE = (0x0)
		.ENABLE = FALSE

[0x00000539] HDR 80000754 subch 0 IMMD
	mthd 1d50 NV9097_SET_VERTEX_STREAM_B_FORMAT(5)
		.STRIDE = (0x0)
		.ENABLE = FALSE

[0x0000053a] HDR 80000758 subch 0 IMMD
	mthd 1d60 NV9097_SET_VERTEX_STREAM_B_FORMAT(6)
		.STRIDE = (0x0)
		.ENABLE = FALSE

[0x0000053b] HDR 8000075c subch 0 IMMD
	mthd 1d70 NV9097_SET_VERTEX_STREAM_B_FORMAT(7)
		.STRIDE = (0x0)
		.ENABLE = FALSE

[0x0000053c] HDR 80000760 subch 0 IMMD
	mthd 1d80 NV9097_SET_VERTEX_STREAM_B_FORMAT(8)
		.STRIDE = (0x0)
		.ENABLE = FALSE

[0x0000053d] HDR 80000764 subch 0 IMMD
	mthd 1d90 NV9097_SET_VERTEX_STREAM_B_FORMAT(9)
		.STRIDE = (0x0)
		.ENABLE = FALSE

[0x0000053e] HDR 80000768 subch 0 IMMD
	mthd 1da0 NV9097_SET_VERTEX_STREAM_B_FORMAT(10)
		.STRIDE = (0x0)
		.ENABLE = FALSE

[0x0000053f] HDR 8000076c subch 0 IMMD
	mthd 1db0 NV9097_SET_VERTEX_STREAM_B_FORMAT(11)
		.STRIDE = (0x0)
		.ENABLE = FALSE

[0x00000540] HDR 80000770 subch 0 IMMD
	mthd 1dc0 NV9097_SET_VERTEX_STREAM_B_FORMAT(12)
		.STRIDE = (0x0)
		.ENABLE = FALSE

[0x00000541] HDR 80000774 subch 0 IMMD
	mthd 1dd0 NV9097_SET_VERTEX_STREAM_B_FORMAT(13)
		.STRIDE = (0x0)
		.ENABLE = FALSE

[0x00000542] HDR 80000778 subch 0 IMMD
	mthd 1de0 NV9097_SET_VERTEX_STREAM_B_FORMAT(14)
		.STRIDE = (0x0)
		.ENABLE = FALSE

[0x00000543] HDR 8000077c subch 0 IMMD
	mthd 1df0 NV9097_SET_VERTEX_STREAM_B_FORMAT(15)
		.STRIDE = (0x0)
		.ENABLE = FALSE

[0x00000544] HDR 20020d19 subch 0 NINC
	mthd 3464 NV9097_SET_MME_SHADOW_SCRATCH(25)
		.V = (0x1)
	mthd 3468 NV9097_SET_MME_SHADOW_SCRATCH(26)
		.V = (0xa053000)

[0x00000547] HDR 20020d1b subch 0 NINC
	mthd 346c NV9097_SET_MME_SHADOW_SCRATCH(27)
		.V = (0x0)
	mthd 3470 NV9097_SET_MME_SHADOW_SCRATCH(28)
		.V = (0x8001000)

[0x0000054a] HDR a0010e00 subch 0 1INC
	mthd 3800 NV9097_CALL_MME_MACRO(0)
		.V = (0x0)

[0x0000054c] HDR 80010904 subch 0 IMMD
	mthd 2410 NV9097_BIND_GROUP_CONSTANT_BUFFER(0)
		.VALID = TRUE
		.SHADER_SLOT = (0x0)

[0x0000054d] HDR 8001090c subch 0 IMMD
	mthd 2430 NV9097_BIND_GROUP_CONSTANT_BUFFER(1)
		.VALID = TRUE
		.SHADER_SLOT = (0x0)

[0x0000054e] HDR 80010914 subch 0 IMMD
	mthd 2450 NV9097_BIND_GROUP_CONSTANT_BUFFER(2)
		.VALID = TRUE
		.SHADER_SLOT = (0x0)

[0x0000054f] HDR 8001091c subch 0 IMMD
	mthd 2470 NV9097_BIND_GROUP_CONSTANT_BUFFER(3)
		.VALID = TRUE
		.SHADER_SLOT = (0x0)

[0x00000550] HDR 80010924 subch 0 IMMD
	mthd 2490 NV9097_BIND_GROUP_CONSTANT_BUFFER(4)
		.VALID = TRUE
		.SHADER_SLOT = (0x0)

[0x00000551] HDR a20108e3 subch 0 1INC
	mthd 238c NV9097_LOAD_CONSTANT_BUFFER_OFFSET
		.V = (0x0)
	mthd 2390 NV9097_LOAD_CONSTANT_BUFFER(0)
		.V = (0x0)
	mthd 2390 NV9097_LOAD_CONSTANT_BUFFER(0)
		.V = (0x0)
	mthd 2390 NV9097_LOAD_CONSTANT_BUFFER(0)
		.V = (0x0)
	mthd 2390 NV9097_LOAD_CONSTANT_BUFFER(0)
		.V = (0x0)
	mthd 2390 NV9097_LOAD_CONSTANT_BUFFER(0)
		.V = (0x0)
	mthd 2390 NV9097_LOAD_CONSTANT_BUFFER(0)
		.V = (0x0)
	mthd 2390 NV9097_LOAD_CONSTANT_BUFFER(0)
		.V = (0x0)
	mthd 2390 NV9097_LOAD_CONSTANT_BUFFER(0)
		.V = (0x0)
	mthd 2390 NV9097_LOAD_CONSTANT_BUFFER(0)
		.V = (0x0)
	mthd 2390 NV9097_LOAD_CONSTANT_BUFFER(0)
		.V = (0x0)
	mthd 2390 NV9097_LOAD_CONSTANT_BUFFER(0)
		.V = (0x0)
	mthd 2390 NV9097_LOAD_CONSTANT_BUFFER(0)
		.V = (0x0)
	mthd 2390 NV9097_LOAD_CONSTANT_BUFFER(0)
		.V = (0x0)
	mthd 2390 NV9097_LOAD_CONSTANT_BUFFER(0)
		.V = (0x0)
	mthd 2390 NV9097_LOAD_CONSTANT_BUFFER(0)
		.V = (0x0)
	mthd 2390 NV9097_LOAD_CONSTANT_BUFFER(0)
		.V = (0x0)
	mthd 2390 NV9097_LOAD_CONSTANT_BUFFER(0)
		.V = (0x0)
	mthd 2390 NV9097_LOAD_CONSTANT_BUFFER(0)
		.V = (0x0)
	mthd 2390 NV9097_LOAD_CONSTANT_BUFFER(0)
		.V = (0x0)
	mthd 2390 NV9097_LOAD_CONSTANT_BUFFER(0)
		.V = (0x0)
	mthd 2390 NV9097_LOAD_CONSTANT_BUFFER(0)
		.V = (0x0)
	mthd 2390 NV9097_LOAD_CONSTANT_BUFFER(0)
		.V = (0x0)
	mthd 2390 NV9097_LOAD_CONSTANT_BUFFER(0)
		.V = (0x0)
	mthd 2390 NV9097_LOAD_CONSTANT_BUFFER(0)
		.V = (0x0)
	mthd 2390 NV9097_LOAD_CONSTANT_BUFFER(0)
		.V = (0x0)
	mthd 2390 NV9097_LOAD_CONSTANT_BUFFER(0)
		.V = (0x0)
	mthd 2390 NV9097_LOAD_CONSTANT_BUFFER(0)
		.V = (0x0)
	mthd 2390 NV9097_LOAD_CONSTANT_BUFFER(0)
		.V = (0x0)
	mthd 2390 NV9097_LOAD_CONSTANT_BUFFER(0)
		.V = (0x0)
	mthd 2390 NV9097_LOAD_CONSTANT_BUFFER(0)
		.V = (0x0)
	mthd 2390 NV9097_LOAD_CONSTANT_BUFFER(0)
		.V = (0x0)
	mthd 2390 NV9097_LOAD_CONSTANT_BUFFER(0)
		.V = (0x0)
	mthd 2390 NV9097_LOAD_CONSTANT_BUFFER(0)
		.V = (0x0)
	mthd 2390 NV9097_LOAD_CONSTANT_BUFFER(0)
		.V = (0x0)
	mthd 2390 NV9097_LOAD_CONSTANT_BUFFER(0)
		.V = (0x0)
	mthd 2390 NV9097_LOAD_CONSTANT_BUFFER(0)
		.V = (0x0)
	mthd 2390 NV9097_LOAD_CONSTANT_BUFFER(0)
		.V = (0x0)
	mthd 2390 NV9097_LOAD_CONSTANT_BUFFER(0)
		.V = (0x0)
	mthd 2390 NV9097_LOAD_CONSTANT_BUFFER(0)
		.V = (0x0)
	mthd 2390 NV9097_LOAD_CONSTANT_BUFFER(0)
		.V = (0x0)
	mthd 2390 NV9097_LOAD_CONSTANT_BUFFER(0)
		.V = (0x0)
	mthd 2390 NV9097_LOAD_CONSTANT_BUFFER(0)
		.V = (0x0)
	mthd 2390 NV9097_LOAD_CONSTANT_BUFFER(0)
		.V = (0x0)
	mthd 2390 NV9097_LOAD_CONSTANT_BUFFER(0)
		.V = (0x0)
	mthd 2390 NV9097_LOAD_CONSTANT_BUFFER(0)
		.V = (0x0)
	mthd 2390 NV9097_LOAD_CONSTANT_BUFFER(0)
		.V = (0x0)
	mthd 2390 NV9097_LOAD_CONSTANT_BUFFER(0)
		.V = (0x0)
	mthd 2390 NV9097_LOAD_CONSTANT_BUFFER(0)
		.V = (0x0)
	mthd 2390 NV9097_LOAD_CONSTANT_BUFFER(0)
		.V = (0x0)
	mthd 2390 NV9097_LOAD_CONSTANT_BUFFER(0)
		.V = (0x0)
	mthd 2390 NV9097_LOAD_CONSTANT_BUFFER(0)
		.V = (0x0)
	mthd 2390 NV9097_LOAD_CONSTANT_BUFFER(0)
		.V = (0x0)
	mthd 2390 NV9097_LOAD_CONSTANT_BUFFER(0)
		.V = (0x0)
	mthd 2390 NV9097_LOAD_CONSTANT_BUFFER(0)
		.V = (0x0)
	mthd 2390 NV9097_LOAD_CONSTANT_BUFFER(0)
		.V = (0x0)
	mthd 2390 NV9097_LOAD_CONSTANT_BUFFER(0)
		.V = (0x0)
	mthd 2390 NV9097_LOAD_CONSTANT_BUFFER(0)
		.V = (0x0)
	mthd 2390 NV9097_LOAD_CONSTANT_BUFFER(0)
		.V = (0x0)
	mthd 2390 NV9097_LOAD_CONSTANT_BUFFER(0)
		.V = (0x0)
	mthd 2390 NV9097_LOAD_CONSTANT_BUFFER(0)
		.V = (0x0)
	mthd 2390 NV9097_LOAD_CONSTANT_BUFFER(0)
		.V = (0x0)
	mthd 2390 NV9097_LOAD_CONSTANT_BUFFER(0)
		.V = (0x0)
	mthd 2390 NV9097_LOAD_CONSTANT_BUFFER(0)
		.V = (0x0)
	mthd 2390 NV9097_LOAD_CONSTANT_BUFFER(0)
		.V = (0x0)
	mthd 2390 NV9097_LOAD_CONSTANT_BUFFER(0)
		.V = (0x0)
	mthd 2390 NV9097_LOAD_CONSTANT_BUFFER(0)
		.V = (0x0)
	mthd 2390 NV9097_LOAD_CONSTANT_BUFFER(0)
		.V = (0x0)
	mthd 2390 NV9097_LOAD_CONSTANT_BUFFER(0)
		.V = (0x0)
	mthd 2390 NV9097_LOAD_CONSTANT_BUFFER(0)
		.V = (0x0)
	mthd 2390 NV9097_LOAD_CONSTANT_BUFFER(0)
		.V = (0x0)
	mthd 2390 NV9097_LOAD_CONSTANT_BUFFER(0)
		.V = (0x0)
	mthd 2390 NV9097_LOAD_CONSTANT_BUFFER(0)
		.V = (0x0)
	mthd 2390 NV9097_LOAD_CONSTANT_BUFFER(0)
		.V = (0x0)
	mthd 2390 NV9097_LOAD_CONSTANT_BUFFER(0)
		.V = (0x0)
	mthd 2390 NV9097_LOAD_CONSTANT_BUFFER(0)
		.V = (0x0)
	mthd 2390 NV9097_LOAD_CONSTANT_BUFFER(0)
		.V = (0x0)
	mthd 2390 NV9097_LOAD_CONSTANT_BUFFER(0)
		.V = (0x0)
	mthd 2390 NV9097_LOAD_CONSTANT_BUFFER(0)
		.V = (0x0)
	mthd 2390 NV9097_LOAD_CONSTANT_BUFFER(0)
		.V = (0x0)
	mthd 2390 NV9097_LOAD_CONSTANT_BUFFER(0)
		.V = (0x0)
	mthd 2390 NV9097_LOAD_CONSTANT_BUFFER(0)
		.V = (0x0)
	mthd 2390 NV9097_LOAD_CONSTANT_BUFFER(0)
		.V = (0x0)
	mthd 2390 NV9097_LOAD_CONSTANT_BUFFER(0)
		.V = (0x0)
	mthd 2390 NV9097_LOAD_CONSTANT_BUFFER(0)
		.V = (0x0)
	mthd 2390 NV9097_LOAD_CONSTANT_BUFFER(0)
		.V = (0x0)
	mthd 2390 NV9097_LOAD_CONSTANT_BUFFER(0)
		.V = (0x0)
	mthd 2390 NV9097_LOAD_CONSTANT_BUFFER(0)
		.V = (0x0)
	mthd 2390 NV9097_LOAD_CONSTANT_BUFFER(0)
		.V = (0x0)
	mthd 2390 NV9097_LOAD_CONSTANT_BUFFER(0)
		.V = (0x0)
	mthd 2390 NV9097_LOAD_CONSTANT_BUFFER(0)
		.V = (0x0)
	mthd 2390 NV9097_LOAD_CONSTANT_BUFFER(0)
		.V = (0x0)
	mthd 2390 NV9097_LOAD_CONSTANT_BUFFER(0)
		.V = (0x0)
	mthd 2390 NV9097_LOAD_CONSTANT_BUFFER(0)
		.V = (0x0)
	mthd 2390 NV9097_LOAD_CONSTANT_BUFFER(0)
		.V = (0x0)
	mthd 2390 NV9097_LOAD_CONSTANT_BUFFER(0)
		.V = (0x0)
	mthd 2390 NV9097_LOAD_CONSTANT_BUFFER(0)
		.V = (0x0)
	mthd 2390 NV9097_LOAD_CONSTANT_BUFFER(0)
		.V = (0x0)
	mthd 2390 NV9097_LOAD_CONSTANT_BUFFER(0)
		.V = (0x0)
	mthd 2390 NV9097_LOAD_CONSTANT_BUFFER(0)
		.V = (0x0)
	mthd 2390 NV9097_LOAD_CONSTANT_BUFFER(0)
		.V = (0x0)
	mthd 2390 NV9097_LOAD_CONSTANT_BUFFER(0)
		.V = (0x0)
	mthd 2390 NV9097_LOAD_CONSTANT_BUFFER(0)
		.V = (0x0)
	mthd 2390 NV9097_LOAD_CONSTANT_BUFFER(0)
		.V = (0x0)
	mthd 2390 NV9097_LOAD_CONSTANT_BUFFER(0)
		.V = (0x0)
	mthd 2390 NV9097_LOAD_CONSTANT_BUFFER(0)
		.V = (0x0)
	mthd 2390 NV9097_LOAD_CONSTANT_BUFFER(0)
		.V = (0x0)
	mthd 2390 NV9097_LOAD_CONSTANT_BUFFER(0)
		.V = (0x0)
	mthd 2390 NV9097_LOAD_CONSTANT_BUFFER(0)
		.V = (0x0)
	mthd 2390 NV9097_LOAD_CONSTANT_BUFFER(0)
		.V = (0x0)
	mthd 2390 NV9097_LOAD_CONSTANT_BUFFER(0)
		.V = (0x0)
	mthd 2390 NV9097_LOAD_CONSTANT_BUFFER(0)
		.V = (0x0)
	mthd 2390 NV9097_LOAD_CONSTANT_BUFFER(0)
		.V = (0x0)
	mthd 2390 NV9097_LOAD_CONSTANT_BUFFER(0)
		.V = (0x0)
	mthd 2390 NV9097_LOAD_CONSTANT_BUFFER(0)
		.V = (0x0)
	mthd 2390 NV9097_LOAD_CONSTANT_BUFFER(0)
		.V = (0x0)
	mthd 2390 NV9097_LOAD_CONSTANT_BUFFER(0)
		.V = (0x0)
	mthd 2390 NV9097_LOAD_CONSTANT_BUFFER(0)
		.V = (0x0)
	mthd 2390 NV9097_LOAD_CONSTANT_BUFFER(0)
		.V = (0x0)
	mthd 2390 NV9097_LOAD_CONSTANT_BUFFER(0)
		.V = (0x0)
	mthd 2390 NV9097_LOAD_CONSTANT_BUFFER(0)
		.V = (0x0)
	mthd 2390 NV9097_LOAD_CONSTANT_BUFFER(0)
		.V = (0x0)
	mthd 2390 NV9097_LOAD_CONSTANT_BUFFER(0)
		.V = (0x0)
	mthd 2390 NV9097_LOAD_CONSTANT_BUFFER(0)
		.V = (0x0)
	mthd 2390 NV9097_LOAD_CONSTANT_BUFFER(0)
		.V = (0x0)
	mthd 2390 NV9097_LOAD_CONSTANT_BUFFER(0)
		.V = (0x0)
	mthd 2390 NV9097_LOAD_CONSTANT_BUFFER(0)
		.V = (0x0)
	mthd 2390 NV9097_LOAD_CONSTANT_BUFFER(0)
		.V = (0x0)
	mthd 2390 NV9097_LOAD_CONSTANT_BUFFER(0)
		.V = (0x0)
	mthd 2390 NV9097_LOAD_CONSTANT_BUFFER(0)
		.V = (0x0)
	mthd 2390 NV9097_LOAD_CONSTANT_BUFFER(0)
		.V = (0x0)
	mthd 2390 NV9097_LOAD_CONSTANT_BUFFER(0)
		.V = (0x0)
	mthd 2390 NV9097_LOAD_CONSTANT_BUFFER(0)
		.V = (0x0)
	mthd 2390 NV9097_LOAD_CONSTANT_BUFFER(0)
		.V = (0x0)
	mthd 2390 NV9097_LOAD_CONSTANT_BUFFER(0)
		.V = (0x0)
	mthd 2390 NV9097_LOAD_CONSTANT_BUFFER(0)
		.V = (0x0)
	mthd 2390 NV9097_LOAD_CONSTANT_BUFFER(0)
		.V = (0x0)
	mthd 2390 NV9097_LOAD_CONSTANT_BUFFER(0)
		.V = (0x0)
	mthd 2390 NV9097_LOAD_CONSTANT_BUFFER(0)
		.V = (0x0)
	mthd 2390 NV9097_LOAD_CONSTANT_BUFFER(0)
		.V = (0x0)
	mthd 2390 NV9097_LOAD_CONSTANT_BUFFER(0)
		.V = (0x0)
	mthd 2390 NV9097_LOAD_CONSTANT_BUFFER(0)
		.V = (0x0)
	mthd 2390 NV9097_LOAD_CONSTANT_BUFFER(0)
		.V = (0x0)
	mthd 2390 NV9097_LOAD_CONSTANT_BUFFER(0)
		.V = (0x0)
	mthd 2390 NV9097_LOAD_CONSTANT_BUFFER(0)
		.V = (0x0)
	mthd 2390 NV9097_LOAD_CONSTANT_BUFFER(0)
		.V = (0x0)
	mthd 2390 NV9097_LOAD_CONSTANT_BUFFER(0)
		.V = (0x0)
	mthd 2390 NV9097_LOAD_CONSTANT_BUFFER(0)
		.V = (0x0)
	mthd 2390 NV9097_LOAD_CONSTANT_BUFFER(0)
		.V = (0x0)
	mthd 2390 NV9097_LOAD_CONSTANT_BUFFER(0)
		.V = (0x0)
	mthd 2390 NV9097_LOAD_CONSTANT_BUFFER(0)
		.V = (0x0)
	mthd 2390 NV9097_LOAD_CONSTANT_BUFFER(0)
		.V = (0x0)
	mthd 2390 NV9097_LOAD_CONSTANT_BUFFER(0)
		.V = (0x0)
	mthd 2390 NV9097_LOAD_CONSTANT_BUFFER(0)
		.V = (0x0)
	mthd 2390 NV9097_LOAD_CONSTANT_BUFFER(0)
		.V = (0x0)
	mthd 2390 NV9097_LOAD_CONSTANT_BUFFER(0)
		.V = (0x0)
	mthd 2390 NV9097_LOAD_CONSTANT_BUFFER(0)
		.V = (0x0)
	mthd 2390 NV9097_LOAD_CONSTANT_BUFFER(0)
		.V = (0x0)
	mthd 2390 NV9097_LOAD_CONSTANT_BUFFER(0)
		.V = (0x0)
	mthd 2390 NV9097_LOAD_CONSTANT_BUFFER(0)
		.V = (0x0)
	mthd 2390 NV9097_LOAD_CONSTANT_BUFFER(0)
		.V = (0x0)
	mthd 2390 NV9097_LOAD_CONSTANT_BUFFER(0)
		.V = (0x0)
	mthd 2390 NV9097_LOAD_CONSTANT_BUFFER(0)
		.V = (0x0)
	mthd 2390 NV9097_LOAD_CONSTANT_BUFFER(0)
		.V = (0x0)
	mthd 2390 NV9097_LOAD_CONSTANT_BUFFER(0)
		.V = (0x0)
	mthd 2390 NV9097_LOAD_CONSTANT_BUFFER(0)
		.V = (0x0)
	mthd 2390 NV9097_LOAD_CONSTANT_BUFFER(0)
		.V = (0x0)
	mthd 2390 NV9097_LOAD_CONSTANT_BUFFER(0)
		.V = (0x0)
	mthd 2390 NV9097_LOAD_CONSTANT_BUFFER(0)
		.V = (0x0)
	mthd 2390 NV9097_LOAD_CONSTANT_BUFFER(0)
		.V = (0x0)
	mthd 2390 NV9097_LOAD_CONSTANT_BUFFER(0)
		.V = (0x0)
	mthd 2390 NV9097_LOAD_CONSTANT_BUFFER(0)
		.V = (0x0)
	mthd 2390 NV9097_LOAD_CONSTANT_BUFFER(0)
		.V = (0x0)
	mthd 2390 NV9097_LOAD_CONSTANT_BUFFER(0)
		.V = (0x0)
	mthd 2390 NV9097_LOAD_CONSTANT_BUFFER(0)
		.V = (0x0)
	mthd 2390 NV9097_LOAD_CONSTANT_BUFFER(0)
		.V = (0x0)
	mthd 2390 NV9097_LOAD_CONSTANT_BUFFER(0)
		.V = (0x0)
	mthd 2390 NV9097_LOAD_CONSTANT_BUFFER(0)
		.V = (0x0)
	mthd 2390 NV9097_LOAD_CONSTANT_BUFFER(0)
		.V = (0x0)
	mthd 2390 NV9097_LOAD_CONSTANT_BUFFER(0)
		.V = (0x0)
	mthd 2390 NV9097_LOAD_CONSTANT_BUFFER(0)
		.V = (0x0)
	mthd 2390 NV9097_LOAD_CONSTANT_BUFFER(0)
		.V = (0x0)
	mthd 2390 NV9097_LOAD_CONSTANT_BUFFER(0)
		.V = (0x0)
	mthd 2390 NV9097_LOAD_CONSTANT_BUFFER(0)
		.V = (0x0)
	mthd 2390 NV9097_LOAD_CONSTANT_BUFFER(0)
		.V = (0x0)
	mthd 2390 NV9097_LOAD_CONSTANT_BUFFER(0)
		.V = (0x0)
	mthd 2390 NV9097_LOAD_CONSTANT_BUFFER(0)
		.V = (0x0)
	mthd 2390 NV9097_LOAD_CONSTANT_BUFFER(0)
		.V = (0x0)
	mthd 2390 NV9097_LOAD_CONSTANT_BUFFER(0)
		.V = (0x0)
	mthd 2390 NV9097_LOAD_CONSTANT_BUFFER(0)
		.V = (0x0)
	mthd 2390 NV9097_LOAD_CONSTANT_BUFFER(0)
		.V = (0x0)
	mthd 2390 NV9097_LOAD_CONSTANT_BUFFER(0)
		.V = (0x0)
	mthd 2390 NV9097_LOAD_CONSTANT_BUFFER(0)
		.V = (0x0)
	mthd 2390 NV9097_LOAD_CONSTANT_BUFFER(0)
		.V = (0x0)
	mthd 2390 NV9097_LOAD_CONSTANT_BUFFER(0)
		.V = (0x0)
	mthd 2390 NV9097_LOAD_CONSTANT_BUFFER(0)
		.V = (0x0)
	mthd 2390 NV9097_LOAD_CONSTANT_BUFFER(0)
		.V = (0x0)
	mthd 2390 NV9097_LOAD_CONSTANT_BUFFER(0)
		.V = (0x0)
	mthd 2390 NV9097_LOAD_CONSTANT_BUFFER(0)
		.V = (0x0)
	mthd 2390 NV9097_LOAD_CONSTANT_BUFFER(0)
		.V = (0x0)
	mthd 2390 NV9097_LOAD_CONSTANT_BUFFER(0)
		.V = (0x0)
	mthd 2390 NV9097_LOAD_CONSTANT_BUFFER(0)
		.V = (0x0)
	mthd 2390 NV9097_LOAD_CONSTANT_BUFFER(0)
		.V = (0x0)
	mthd 2390 NV9097_LOAD_CONSTANT_BUFFER(0)
		.V = (0x0)
	mthd 2390 NV9097_LOAD_CONSTANT_BUFFER(0)
		.V = (0x0)
	mthd 2390 NV9097_LOAD_CONSTANT_BUFFER(0)
		.V = (0x0)
	mthd 2390 NV9097_LOAD_CONSTANT_BUFFER(0)
		.V = (0x0)
	mthd 2390 NV9097_LOAD_CONSTANT_BUFFER(0)
		.V = (0x0)
	mthd 2390 NV9097_LOAD_CONSTANT_BUFFER(0)
		.V = (0x0)
	mthd 2390 NV9097_LOAD_CONSTANT_BUFFER(0)
		.V = (0x0)
	mthd 2390 NV9097_LOAD_CONSTANT_BUFFER(0)
		.V = (0x0)
	mthd 2390 NV9097_LOAD_CONSTANT_BUFFER(0)
		.V = (0x0)
	mthd 2390 NV9097_LOAD_CONSTANT_BUFFER(0)
		.V = (0x0)
	mthd 2390 NV9097_LOAD_CONSTANT_BUFFER(0)
		.V = (0x0)
	mthd 2390 NV9097_LOAD_CONSTANT_BUFFER(0)
		.V = (0x0)
	mthd 2390 NV9097_LOAD_CONSTANT_BUFFER(0)
		.V = (0x0)
	mthd 2390 NV9097_LOAD_CONSTANT_BUFFER(0)
		.V = (0x0)
	mthd 2390 NV9097_LOAD_CONSTANT_BUFFER(0)
		.V = (0x0)
	mthd 2390 NV9097_LOAD_CONSTANT_BUFFER(0)
		.V = (0x0)
	mthd 2390 NV9097_LOAD_CONSTANT_BUFFER(0)
		.V = (0x0)
	mthd 2390 NV9097_LOAD_CONSTANT_BUFFER(0)
		.V = (0x0)
	mthd 2390 NV9097_LOAD_CONSTANT_BUFFER(0)
		.V = (0x0)
	mthd 2390 NV9097_LOAD_CONSTANT_BUFFER(0)
		.V = (0x0)
	mthd 2390 NV9097_LOAD_CONSTANT_BUFFER(0)
		.V = (0x0)
	mthd 2390 NV9097_LOAD_CONSTANT_BUFFER(0)
		.V = (0x0)
	mthd 2390 NV9097_LOAD_CONSTANT_BUFFER(0)
		.V = (0x0)
	mthd 2390 NV9097_LOAD_CONSTANT_BUFFER(0)
		.V = (0x0)
	mthd 2390 NV9097_LOAD_CONSTANT_BUFFER(0)
		.V = (0x0)
	mthd 2390 NV9097_LOAD_CONSTANT_BUFFER(0)
		.V = (0x0)
	mthd 2390 NV9097_LOAD_CONSTANT_BUFFER(0)
		.V = (0x0)
	mthd 2390 NV9097_LOAD_CONSTANT_BUFFER(0)
		.V = (0x0)
	mthd 2390 NV9097_LOAD_CONSTANT_BUFFER(0)
		.V = (0x0)
	mthd 2390 NV9097_LOAD_CONSTANT_BUFFER(0)
		.V = (0x0)
	mthd 2390 NV9097_LOAD_CONSTANT_BUFFER(0)
		.V = (0x0)
	mthd 2390 NV9097_LOAD_CONSTANT_BUFFER(0)
		.V = (0x0)
	mthd 2390 NV9097_LOAD_CONSTANT_BUFFER(0)
		.V = (0x0)
	mthd 2390 NV9097_LOAD_CONSTANT_BUFFER(0)
		.V = (0x0)
	mthd 2390 NV9097_LOAD_CONSTANT_BUFFER(0)
		.V = (0x0)
	mthd 2390 NV9097_LOAD_CONSTANT_BUFFER(0)
		.V = (0x0)
	mthd 2390 NV9097_LOAD_CONSTANT_BUFFER(0)
		.V = (0x0)
	mthd 2390 NV9097_LOAD_CONSTANT_BUFFER(0)
		.V = (0x0)
	mthd 2390 NV9097_LOAD_CONSTANT_BUFFER(0)
		.V = (0x0)
	mthd 2390 NV9097_LOAD_CONSTANT_BUFFER(0)
		.V = (0x0)
	mthd 2390 NV9097_LOAD_CONSTANT_BUFFER(0)
		.V = (0x0)
	mthd 2390 NV9097_LOAD_CONSTANT_BUFFER(0)
		.V = (0x0)
	mthd 2390 NV9097_LOAD_CONSTANT_BUFFER(0)
		.V = (0x0)
	mthd 2390 NV9097_LOAD_CONSTANT_BUFFER(0)
		.V = (0x0)
	mthd 2390 NV9097_LOAD_CONSTANT_BUFFER(0)
		.V = (0x0)
	mthd 2390 NV9097_LOAD_CONSTANT_BUFFER(0)
		.V = (0x0)
	mthd 2390 NV9097_LOAD_CONSTANT_BUFFER(0)
		.V = (0x0)
	mthd 2390 NV9097_LOAD_CONSTANT_BUFFER(0)
		.V = (0x0)
	mthd 2390 NV9097_LOAD_CONSTANT_BUFFER(0)
		.V = (0x0)
	mthd 2390 NV9097_LOAD_CONSTANT_BUFFER(0)
		.V = (0x0)
	mthd 2390 NV9097_LOAD_CONSTANT_BUFFER(0)
		.V = (0x0)
	mthd 2390 NV9097_LOAD_CONSTANT_BUFFER(0)
		.V = (0x0)
	mthd 2390 NV9097_LOAD_CONSTANT_BUFFER(0)
		.V = (0x0)
	mthd 2390 NV9097_LOAD_CONSTANT_BUFFER(0)
		.V = (0x0)
	mthd 2390 NV9097_LOAD_CONSTANT_BUFFER(0)
		.V = (0x0)
	mthd 2390 NV9097_LOAD_CONSTANT_BUFFER(0)
		.V = (0x0)
	mthd 2390 NV9097_LOAD_CONSTANT_BUFFER(0)
		.V = (0x0)
	mthd 2390 NV9097_LOAD_CONSTANT_BUFFER(0)
		.V = (0x0)
	mthd 2390 NV9097_LOAD_CONSTANT_BUFFER(0)
		.V = (0x0)
	mthd 2390 NV9097_LOAD_CONSTANT_BUFFER(0)
		.V = (0x0)
	mthd 2390 NV9097_LOAD_CONSTANT_BUFFER(0)
		.V = (0x0)
	mthd 2390 NV9097_LOAD_CONSTANT_BUFFER(0)
		.V = (0x0)
	mthd 2390 NV9097_LOAD_CONSTANT_BUFFER(0)
		.V = (0x0)
	mthd 2390 NV9097_LOAD_CONSTANT_BUFFER(0)
		.V = (0x0)
	mthd 2390 NV9097_LOAD_CONSTANT_BUFFER(0)
		.V = (0x0)
	mthd 2390 NV9097_LOAD_CONSTANT_BUFFER(0)
		.V = (0x0)
	mthd 2390 NV9097_LOAD_CONSTANT_BUFFER(0)
		.V = (0x0)
	mthd 2390 NV9097_LOAD_CONSTANT_BUFFER(0)
		.V = (0x0)
	mthd 2390 NV9097_LOAD_CONSTANT_BUFFER(0)
		.V = (0x0)
	mthd 2390 NV9097_LOAD_CONSTANT_BUFFER(0)
		.V = (0x0)
	mthd 2390 NV9097_LOAD_CONSTANT_BUFFER(0)
		.V = (0x0)
	mthd 2390 NV9097_LOAD_CONSTANT_BUFFER(0)
		.V = (0x0)
	mthd 2390 NV9097_LOAD_CONSTANT_BUFFER(0)
		.V = (0x0)
	mthd 2390 NV9097_LOAD_CONSTANT_BUFFER(0)
		.V = (0x0)
	mthd 2390 NV9097_LOAD_CONSTANT_BUFFER(0)
		.V = (0x0)
	mthd 2390 NV9097_LOAD_CONSTANT_BUFFER(0)
		.V = (0x0)
	mthd 2390 NV9097_LOAD_CONSTANT_BUFFER(0)
		.V = (0x0)
	mthd 2390 NV9097_LOAD_CONSTANT_BUFFER(0)
		.V = (0x0)
	mthd 2390 NV9097_LOAD_CONSTANT_BUFFER(0)
		.V = (0x0)
	mthd 2390 NV9097_LOAD_CONSTANT_BUFFER(0)
		.V = (0x0)
	mthd 2390 NV9097_LOAD_CONSTANT_BUFFER(0)
		.V = (0x0)
	mthd 2390 NV9097_LOAD_CONSTANT_BUFFER(0)
		.V = (0x0)
	mthd 2390 NV9097_LOAD_CONSTANT_BUFFER(0)
		.V = (0x0)
	mthd 2390 NV9097_LOAD_CONSTANT_BUFFER(0)
		.V = (0x0)
	mthd 2390 NV9097_LOAD_CONSTANT_BUFFER(0)
		.V = (0x0)
	mthd 2390 NV9097_LOAD_CONSTANT_BUFFER(0)
		.V = (0x0)
	mthd 2390 NV9097_LOAD_CONSTANT_BUFFER(0)
		.V = (0x0)
	mthd 2390 NV9097_LOAD_CONSTANT_BUFFER(0)
		.V = (0x0)
	mthd 2390 NV9097_LOAD_CONSTANT_BUFFER(0)
		.V = (0x0)
	mthd 2390 NV9097_LOAD_CONSTANT_BUFFER(0)
		.V = (0x0)
	mthd 2390 NV9097_LOAD_CONSTANT_BUFFER(0)
		.V = (0x0)
	mthd 2390 NV9097_LOAD_CONSTANT_BUFFER(0)
		.V = (0x0)
	mthd 2390 NV9097_LOAD_CONSTANT_BUFFER(0)
		.V = (0x0)
	mthd 2390 NV9097_LOAD_CONSTANT_BUFFER(0)
		.V = (0x0)
	mthd 2390 NV9097_LOAD_CONSTANT_BUFFER(0)
		.V = (0x0)
	mthd 2390 NV9097_LOAD_CONSTANT_BUFFER(0)
		.V = (0x0)
	mthd 2390 NV9097_LOAD_CONSTANT_BUFFER(0)
		.V = (0x0)
	mthd 2390 NV9097_LOAD_CONSTANT_BUFFER(0)
		.V = (0x0)
	mthd 2390 NV9097_LOAD_CONSTANT_BUFFER(0)
		.V = (0x0)
	mthd 2390 NV9097_LOAD_CONSTANT_BUFFER(0)
		.V = (0x0)
	mthd 2390 NV9097_LOAD_CONSTANT_BUFFER(0)
		.V = (0x0)
	mthd 2390 NV9097_LOAD_CONSTANT_BUFFER(0)
		.V = (0x0)
	mthd 2390 NV9097_LOAD_CONSTANT_BUFFER(0)
		.V = (0x0)
	mthd 2390 NV9097_LOAD_CONSTANT_BUFFER(0)
		.V = (0x0)
	mthd 2390 NV9097_LOAD_CONSTANT_BUFFER(0)
		.V = (0x0)
	mthd 2390 NV9097_LOAD_CONSTANT_BUFFER(0)
		.V = (0x0)
	mthd 2390 NV9097_LOAD_CONSTANT_BUFFER(0)
		.V = (0x0)
	mthd 2390 NV9097_LOAD_CONSTANT_BUFFER(0)
		.V = (0x0)
	mthd 2390 NV9097_LOAD_CONSTANT_BUFFER(0)
		.V = (0x0)
	mthd 2390 NV9097_LOAD_CONSTANT_BUFFER(0)
		.V = (0x0)
	mthd 2390 NV9097_LOAD_CONSTANT_BUFFER(0)
		.V = (0x0)
	mthd 2390 NV9097_LOAD_CONSTANT_BUFFER(0)
		.V = (0x0)
	mthd 2390 NV9097_LOAD_CONSTANT_BUFFER(0)
		.V = (0x0)
	mthd 2390 NV9097_LOAD_CONSTANT_BUFFER(0)
		.V = (0x0)
	mthd 2390 NV9097_LOAD_CONSTANT_BUFFER(0)
		.V = (0x0)
	mthd 2390 NV9097_LOAD_CONSTANT_BUFFER(0)
		.V = (0x0)
	mthd 2390 NV9097_LOAD_CONSTANT_BUFFER(0)
		.V = (0x0)
	mthd 2390 NV9097_LOAD_CONSTANT_BUFFER(0)
		.V = (0x0)
	mthd 2390 NV9097_LOAD_CONSTANT_BUFFER(0)
		.V = (0x0)
	mthd 2390 NV9097_LOAD_CONSTANT_BUFFER(0)
		.V = (0x0)
	mthd 2390 NV9097_LOAD_CONSTANT_BUFFER(0)
		.V = (0x0)
	mthd 2390 NV9097_LOAD_CONSTANT_BUFFER(0)
		.V = (0x0)
	mthd 2390 NV9097_LOAD_CONSTANT_BUFFER(0)
		.V = (0x0)
	mthd 2390 NV9097_LOAD_CONSTANT_BUFFER(0)
		.V = (0x0)
	mthd 2390 NV9097_LOAD_CONSTANT_BUFFER(0)
		.V = (0x0)
	mthd 2390 NV9097_LOAD_CONSTANT_BUFFER(0)
		.V = (0x0)
	mthd 2390 NV9097_LOAD_CONSTANT_BUFFER(0)
		.V = (0x0)
	mthd 2390 NV9097_LOAD_CONSTANT_BUFFER(0)
		.V = (0x0)
	mthd 2390 NV9097_LOAD_CONSTANT_BUFFER(0)
		.V = (0x0)
	mthd 2390 NV9097_LOAD_CONSTANT_BUFFER(0)
		.V = (0x0)
	mthd 2390 NV9097_LOAD_CONSTANT_BUFFER(0)
		.V = (0x0)
	mthd 2390 NV9097_LOAD_CONSTANT_BUFFER(0)
		.V = (0x0)
	mthd 2390 NV9097_LOAD_CONSTANT_BUFFER(0)
		.V = (0x0)
	mthd 2390 NV9097_LOAD_CONSTANT_BUFFER(0)
		.V = (0x0)
	mthd 2390 NV9097_LOAD_CONSTANT_BUFFER(0)
		.V = (0x0)
	mthd 2390 NV9097_LOAD_CONSTANT_BUFFER(0)
		.V = (0x0)
	mthd 2390 NV9097_LOAD_CONSTANT_BUFFER(0)
		.V = (0x0)
	mthd 2390 NV9097_LOAD_CONSTANT_BUFFER(0)
		.V = (0x0)
	mthd 2390 NV9097_LOAD_CONSTANT_BUFFER(0)
		.V = (0x0)
	mthd 2390 NV9097_LOAD_CONSTANT_BUFFER(0)
		.V = (0x0)
	mthd 2390 NV9097_LOAD_CONSTANT_BUFFER(0)
		.V = (0x0)
	mthd 2390 NV9097_LOAD_CONSTANT_BUFFER(0)
		.V = (0x0)
	mthd 2390 NV9097_LOAD_CONSTANT_BUFFER(0)
		.V = (0x0)
	mthd 2390 NV9097_LOAD_CONSTANT_BUFFER(0)
		.V = (0x0)
	mthd 2390 NV9097_LOAD_CONSTANT_BUFFER(0)
		.V = (0x0)
	mthd 2390 NV9097_LOAD_CONSTANT_BUFFER(0)
		.V = (0x0)
	mthd 2390 NV9097_LOAD_CONSTANT_BUFFER(0)
		.V = (0x0)
	mthd 2390 NV9097_LOAD_CONSTANT_BUFFER(0)
		.V = (0x0)
	mthd 2390 NV9097_LOAD_CONSTANT_BUFFER(0)
		.V = (0x0)
	mthd 2390 NV9097_LOAD_CONSTANT_BUFFER(0)
		.V = (0x0)
	mthd 2390 NV9097_LOAD_CONSTANT_BUFFER(0)
		.V = (0x0)
	mthd 2390 NV9097_LOAD_CONSTANT_BUFFER(0)
		.V = (0x0)
	mthd 2390 NV9097_LOAD_CONSTANT_BUFFER(0)
		.V = (0x0)
	mthd 2390 NV9097_LOAD_CONSTANT_BUFFER(0)
		.V = (0x0)
	mthd 2390 NV9097_LOAD_CONSTANT_BUFFER(0)
		.V = (0x0)
	mthd 2390 NV9097_LOAD_CONSTANT_BUFFER(0)
		.V = (0x0)
	mthd 2390 NV9097_LOAD_CONSTANT_BUFFER(0)
		.V = (0x0)
	mthd 2390 NV9097_LOAD_CONSTANT_BUFFER(0)
		.V = (0x0)
	mthd 2390 NV9097_LOAD_CONSTANT_BUFFER(0)
		.V = (0x0)
	mthd 2390 NV9097_LOAD_CONSTANT_BUFFER(0)
		.V = (0x0)
	mthd 2390 NV9097_LOAD_CONSTANT_BUFFER(0)
		.V = (0x0)
	mthd 2390 NV9097_LOAD_CONSTANT_BUFFER(0)
		.V = (0x0)
	mthd 2390 NV9097_LOAD_CONSTANT_BUFFER(0)
		.V = (0x0)
	mthd 2390 NV9097_LOAD_CONSTANT_BUFFER(0)
		.V = (0x0)
	mthd 2390 NV9097_LOAD_CONSTANT_BUFFER(0)
		.V = (0x0)
	mthd 2390 NV9097_LOAD_CONSTANT_BUFFER(0)
		.V = (0x0)
	mthd 2390 NV9097_LOAD_CONSTANT_BUFFER(0)
		.V = (0x0)
	mthd 2390 NV9097_LOAD_CONSTANT_BUFFER(0)
		.V = (0x0)
	mthd 2390 NV9097_LOAD_CONSTANT_BUFFER(0)
		.V = (0x0)
	mthd 2390 NV9097_LOAD_CONSTANT_BUFFER(0)
		.V = (0x0)
	mthd 2390 NV9097_LOAD_CONSTANT_BUFFER(0)
		.V = (0x0)
	mthd 2390 NV9097_LOAD_CONSTANT_BUFFER(0)
		.V = (0x0)
	mthd 2390 NV9097_LOAD_CONSTANT_BUFFER(0)
		.V = (0x0)
	mthd 2390 NV9097_LOAD_CONSTANT_BUFFER(0)
		.V = (0x0)
	mthd 2390 NV9097_LOAD_CONSTANT_BUFFER(0)
		.V = (0x0)
	mthd 2390 NV9097_LOAD_CONSTANT_BUFFER(0)
		.V = (0x0)
	mthd 2390 NV9097_LOAD_CONSTANT_BUFFER(0)
		.V = (0x0)
	mthd 2390 NV9097_LOAD_CONSTANT_BUFFER(0)
		.V = (0x0)
	mthd 2390 NV9097_LOAD_CONSTANT_BUFFER(0)
		.V = (0x0)
	mthd 2390 NV9097_LOAD_CONSTANT_BUFFER(0)
		.V = (0x0)
	mthd 2390 NV9097_LOAD_CONSTANT_BUFFER(0)
		.V = (0x0)
	mthd 2390 NV9097_LOAD_CONSTANT_BUFFER(0)
		.V = (0x0)
	mthd 2390 NV9097_LOAD_CONSTANT_BUFFER(0)
		.V = (0x0)
	mthd 2390 NV9097_LOAD_CONSTANT_BUFFER(0)
		.V = (0x0)
	mthd 2390 NV9097_LOAD_CONSTANT_BUFFER(0)
		.V = (0x0)
	mthd 2390 NV9097_LOAD_CONSTANT_BUFFER(0)
		.V = (0x0)
	mthd 2390 NV9097_LOAD_CONSTANT_BUFFER(0)
		.V = (0x0)
	mthd 2390 NV9097_LOAD_CONSTANT_BUFFER(0)
		.V = (0x0)
	mthd 2390 NV9097_LOAD_CONSTANT_BUFFER(0)
		.V = (0x0)
	mthd 2390 NV9097_LOAD_CONSTANT_BUFFER(0)
		.V = (0x0)
	mthd 2390 NV9097_LOAD_CONSTANT_BUFFER(0)
		.V = (0x0)
	mthd 2390 NV9097_LOAD_CONSTANT_BUFFER(0)
		.V = (0x0)
	mthd 2390 NV9097_LOAD_CONSTANT_BUFFER(0)
		.V = (0x0)
	mthd 2390 NV9097_LOAD_CONSTANT_BUFFER(0)
		.V = (0x0)
	mthd 2390 NV9097_LOAD_CONSTANT_BUFFER(0)
		.V = (0x0)
	mthd 2390 NV9097_LOAD_CONSTANT_BUFFER(0)
		.V = (0x0)
	mthd 2390 NV9097_LOAD_CONSTANT_BUFFER(0)
		.V = (0x0)
	mthd 2390 NV9097_LOAD_CONSTANT_BUFFER(0)
		.V = (0x0)
	mthd 2390 NV9097_LOAD_CONSTANT_BUFFER(0)
		.V = (0x0)
	mthd 2390 NV9097_LOAD_CONSTANT_BUFFER(0)
		.V = (0x0)
	mthd 2390 NV9097_LOAD_CONSTANT_BUFFER(0)
		.V = (0x0)
	mthd 2390 NV9097_LOAD_CONSTANT_BUFFER(0)
		.V = (0x0)
	mthd 2390 NV9097_LOAD_CONSTANT_BUFFER(0)
		.V = (0x0)
	mthd 2390 NV9097_LOAD_CONSTANT_BUFFER(0)
		.V = (0x0)
	mthd 2390 NV9097_LOAD_CONSTANT_BUFFER(0)
		.V = (0x0)
	mthd 2390 NV9097_LOAD_CONSTANT_BUFFER(0)
		.V = (0x0)
	mthd 2390 NV9097_LOAD_CONSTANT_BUFFER(0)
		.V = (0x0)
	mthd 2390 NV9097_LOAD_CONSTANT_BUFFER(0)
		.V = (0x0)
	mthd 2390 NV9097_LOAD_CONSTANT_BUFFER(0)
		.V = (0x0)
	mthd 2390 NV9097_LOAD_CONSTANT_BUFFER(0)
		.V = (0x0)
	mthd 2390 NV9097_LOAD_CONSTANT_BUFFER(0)
		.V = (0x0)
	mthd 2390 NV9097_LOAD_CONSTANT_BUFFER(0)
		.V = (0x0)
	mthd 2390 NV9097_LOAD_CONSTANT_BUFFER(0)
		.V = (0x0)
	mthd 2390 NV9097_LOAD_CONSTANT_BUFFER(0)
		.V = (0x0)
	mthd 2390 NV9097_LOAD_CONSTANT_BUFFER(0)
		.V = (0x0)
	mthd 2390 NV9097_LOAD_CONSTANT_BUFFER(0)
		.V = (0x0)
	mthd 2390 NV9097_LOAD_CONSTANT_BUFFER(0)
		.V = (0x0)
	mthd 2390 NV9097_LOAD_CONSTANT_BUFFER(0)
		.V = (0x0)
	mthd 2390 NV9097_LOAD_CONSTANT_BUFFER(0)
		.V = (0x0)
	mthd 2390 NV9097_LOAD_CONSTANT_BUFFER(0)
		.V = (0x0)
	mthd 2390 NV9097_LOAD_CONSTANT_BUFFER(0)
		.V = (0x0)
	mthd 2390 NV9097_LOAD_CONSTANT_BUFFER(0)
		.V = (0x0)
	mthd 2390 NV9097_LOAD_CONSTANT_BUFFER(0)
		.V = (0x0)
	mthd 2390 NV9097_LOAD_CONSTANT_BUFFER(0)
		.V = (0x0)
	mthd 2390 NV9097_LOAD_CONSTANT_BUFFER(0)
		.V = (0x0)
	mthd 2390 NV9097_LOAD_CONSTANT_BUFFER(0)
		.V = (0x0)
	mthd 2390 NV9097_LOAD_CONSTANT_BUFFER(0)
		.V = (0x0)
	mthd 2390 NV9097_LOAD_CONSTANT_BUFFER(0)
		.V = (0x0)
	mthd 2390 NV9097_LOAD_CONSTANT_BUFFER(0)
		.V = (0x0)
	mthd 2390 NV9097_LOAD_CONSTANT_BUFFER(0)
		.V = (0x0)
	mthd 2390 NV9097_LOAD_CONSTANT_BUFFER(0)
		.V = (0x0)
	mthd 2390 NV9097_LOAD_CONSTANT_BUFFER(0)
		.V = (0x0)
	mthd 2390 NV9097_LOAD_CONSTANT_BUFFER(0)
		.V = (0x0)
	mthd 2390 NV9097_LOAD_CONSTANT_BUFFER(0)
		.V = (0x0)
	mthd 2390 NV9097_LOAD_CONSTANT_BUFFER(0)
		.V = (0x0)
	mthd 2390 NV9097_LOAD_CONSTANT_BUFFER(0)
		.V = (0x0)
	mthd 2390 NV9097_LOAD_CONSTANT_BUFFER(0)
		.V = (0x0)
	mthd 2390 NV9097_LOAD_CONSTANT_BUFFER(0)
		.V = (0x0)
	mthd 2390 NV9097_LOAD_CONSTANT_BUFFER(0)
		.V = (0x0)
	mthd 2390 NV9097_LOAD_CONSTANT_BUFFER(0)
		.V = (0x0)
	mthd 2390 NV9097_LOAD_CONSTANT_BUFFER(0)
		.V = (0x0)
	mthd 2390 NV9097_LOAD_CONSTANT_BUFFER(0)
		.V = (0x0)
	mthd 2390 NV9097_LOAD_CONSTANT_BUFFER(0)
		.V = (0x0)
	mthd 2390 NV9097_LOAD_CONSTANT_BUFFER(0)
		.V = (0x0)
	mthd 2390 NV9097_LOAD_CONSTANT_BUFFER(0)
		.V = (0x0)
	mthd 2390 NV9097_LOAD_CONSTANT_BUFFER(0)
		.V = (0x0)
	mthd 2390 NV9097_LOAD_CONSTANT_BUFFER(0)
		.V = (0x0)
	mthd 2390 NV9097_LOAD_CONSTANT_BUFFER(0)
		.V = (0x0)
	mthd 2390 NV9097_LOAD_CONSTANT_BUFFER(0)
		.V = (0x0)
	mthd 2390 NV9097_LOAD_CONSTANT_BUFFER(0)
		.V = (0x0)
	mthd 2390 NV9097_LOAD_CONSTANT_BUFFER(0)
		.V = (0x0)
	mthd 2390 NV9097_LOAD_CONSTANT_BUFFER(0)
		.V = (0x0)
	mthd 2390 NV9097_LOAD_CONSTANT_BUFFER(0)
		.V = (0x0)
	mthd 2390 NV9097_LOAD_CONSTANT_BUFFER(0)
		.V = (0x0)
	mthd 2390 NV9097_LOAD_CONSTANT_BUFFER(0)
		.V = (0x0)
	mthd 2390 NV9097_LOAD_CONSTANT_BUFFER(0)
		.V = (0x0)
	mthd 2390 NV9097_LOAD_CONSTANT_BUFFER(0)
		.V = (0x0)
	mthd 2390 NV9097_LOAD_CONSTANT_BUFFER(0)
		.V = (0x0)
	mthd 2390 NV9097_LOAD_CONSTANT_BUFFER(0)
		.V = (0x0)
	mthd 2390 NV9097_LOAD_CONSTANT_BUFFER(0)
		.V = (0x0)
	mthd 2390 NV9097_LOAD_CONSTANT_BUFFER(0)
		.V = (0x0)
	mthd 2390 NV9097_LOAD_CONSTANT_BUFFER(0)
		.V = (0x0)
	mthd 2390 NV9097_LOAD_CONSTANT_BUFFER(0)
		.V = (0x0)
	mthd 2390 NV9097_LOAD_CONSTANT_BUFFER(0)
		.V = (0x0)
	mthd 2390 NV9097_LOAD_CONSTANT_BUFFER(0)
		.V = (0x0)
	mthd 2390 NV9097_LOAD_CONSTANT_BUFFER(0)
		.V = (0x0)
	mthd 2390 NV9097_LOAD_CONSTANT_BUFFER(0)
		.V = (0x0)
	mthd 2390 NV9097_LOAD_CONSTANT_BUFFER(0)
		.V = (0x0)
	mthd 2390 NV9097_LOAD_CONSTANT_BUFFER(0)
		.V = (0x0)
	mthd 2390 NV9097_LOAD_CONSTANT_BUFFER(0)
		.V = (0x0)
	mthd 2390 NV9097_LOAD_CONSTANT_BUFFER(0)
		.V = (0x0)
	mthd 2390 NV9097_LOAD_CONSTANT_BUFFER(0)
		.V = (0x0)
	mthd 2390 NV9097_LOAD_CONSTANT_BUFFER(0)
		.V = (0x0)
	mthd 2390 NV9097_LOAD_CONSTANT_BUFFER(0)
		.V = (0x0)
	mthd 2390 NV9097_LOAD_CONSTANT_BUFFER(0)
		.V = (0x0)
	mthd 2390 NV9097_LOAD_CONSTANT_BUFFER(0)
		.V = (0x0)
	mthd 2390 NV9097_LOAD_CONSTANT_BUFFER(0)
		.V = (0x0)
	mthd 2390 NV9097_LOAD_CONSTANT_BUFFER(0)
		.V = (0x0)
	mthd 2390 NV9097_LOAD_CONSTANT_BUFFER(0)
		.V = (0x0)
	mthd 2390 NV9097_LOAD_CONSTANT_BUFFER(0)
		.V = (0x0)
	mthd 2390 NV9097_LOAD_CONSTANT_BUFFER(0)
		.V = (0x0)
	mthd 2390 NV9097_LOAD_CONSTANT_BUFFER(0)
		.V = (0x0)
	mthd 2390 NV9097_LOAD_CONSTANT_BUFFER(0)
		.V = (0x0)
	mthd 2390 NV9097_LOAD_CONSTANT_BUFFER(0)
		.V = (0x0)
	mthd 2390 NV9097_LOAD_CONSTANT_BUFFER(0)
		.V = (0x0)
	mthd 2390 NV9097_LOAD_CONSTANT_BUFFER(0)
		.V = (0x0)
	mthd 2390 NV9097_LOAD_CONSTANT_BUFFER(0)
		.V = (0x0)
	mthd 2390 NV9097_LOAD_CONSTANT_BUFFER(0)
		.V = (0x0)
	mthd 2390 NV9097_LOAD_CONSTANT_BUFFER(0)
		.V = (0x0)
	mthd 2390 NV9097_LOAD_CONSTANT_BUFFER(0)
		.V = (0x0)
	mthd 2390 NV9097_LOAD_CONSTANT_BUFFER(0)
		.V = (0x0)
	mthd 2390 NV9097_LOAD_CONSTANT_BUFFER(0)
		.V = (0x0)
	mthd 2390 NV9097_LOAD_CONSTANT_BUFFER(0)
		.V = (0x0)
	mthd 2390 NV9097_LOAD_CONSTANT_BUFFER(0)
		.V = (0x0)
	mthd 2390 NV9097_LOAD_CONSTANT_BUFFER(0)
		.V = (0x0)
	mthd 2390 NV9097_LOAD_CONSTANT_BUFFER(0)
		.V = (0x0)
	mthd 2390 NV9097_LOAD_CONSTANT_BUFFER(0)
		.V = (0x0)
	mthd 2390 NV9097_LOAD_CONSTANT_BUFFER(0)
		.V = (0x0)
	mthd 2390 NV9097_LOAD_CONSTANT_BUFFER(0)
		.V = (0x0)
	mthd 2390 NV9097_LOAD_CONSTANT_BUFFER(0)
		.V = (0x0)
	mthd 2390 NV9097_LOAD_CONSTANT_BUFFER(0)
		.V = (0x0)
	mthd 2390 NV9097_LOAD_CONSTANT_BUFFER(0)
		.V = (0x0)
	mthd 2390 NV9097_LOAD_CONSTANT_BUFFER(0)
		.V = (0x0)
	mthd 2390 NV9097_LOAD_CONSTANT_BUFFER(0)
		.V = (0x0)
	mthd 2390 NV9097_LOAD_CONSTANT_BUFFER(0)
		.V = (0x0)
	mthd 2390 NV9097_LOAD_CONSTANT_BUFFER(0)
		.V = (0x0)
	mthd 2390 NV9097_LOAD_CONSTANT_BUFFER(0)
		.V = (0x0)
	mthd 2390 NV9097_LOAD_CONSTANT_BUFFER(0)
		.V = (0x0)
	mthd 2390 NV9097_LOAD_CONSTANT_BUFFER(0)
		.V = (0x0)
	mthd 2390 NV9097_LOAD_CONSTANT_BUFFER(0)
		.V = (0x0)

[0x00000753] HDR 8000050e subch 0 IMMD
	mthd 1438 NV9097_SET_GLOBAL_BASE_INSTANCE_INDEX
		.V = (0x0)

[0x00000754] HDR 20030d1d subch 0 NINC
	mthd 3474 NV9097_SET_MME_SHADOW_SCRATCH(29)
		.V = (0x0)
	mthd 3478 NV9097_SET_MME_SHADOW_SCRATCH(30)
		.V = (0x0)
	mthd 347c NV9097_SET_MME_SHADOW_SCRATCH(31)
		.V = (0x0)

[0x00000758] HDR 20012000 subch 1 NINC
	mthd 0000 NV906F_SET_OBJECT
		.NVCLASS = (0xb1c0)
		.ENGINE = 0x0

[0x0000075a] HDR 20022582 subch 1 NINC
	mthd 1608 NV90C0_SET_PROGRAM_REGION_A
		.ADDRESS_UPPER = (0x0)
	mthd 160c NV90C0_SET_PROGRAM_REGION_B
		.ADDRESS_LOWER = (0xa052000)

[0x0000075d] HDR 200121df subch 1 NINC
	mthd 077c NV90C0_SET_SHADER_LOCAL_MEMORY_WINDOW
		.BASE_ADDRESS = (0xff000000)

[0x0000075f] HDR 20012085 subch 1 NINC
	mthd 0214 NV90C0_SET_SHADER_SHARED_MEMORY_WINDOW
		.BASE_ADDRESS = (0xfe000000)

  ok   vkCreateDevice -> 0
  ok   vkGetDeviceQueue
  ok   vkCreateBuffer -> 0
  ok   a host-visible memory type the buffer accepts
  note memory type 0: flags 0xb = DEVICE_LOCAL HOST_VISIBLE HOST_CACHED — the readback rests on cache maintenance (D5)
alloc va [0x10a064000, 0x10a084000)
bind vma mem<0x28>[0x0, 0x20000) to [0x10a064000, 0x10a084000)
  ok   vkAllocateMemory -> 0
  ok   vkBindBufferMemory -> 0
  ok   vkMapMemory -> 0
  ok   vkFlushMappedMemoryRanges (poison) -> 0
  ok   vkCreateCommandPool -> 0
  ok   vkAllocateCommandBuffers -> 0
alloc va [0x10a084000, 0x10a094000)
bind vma mem<0x2c>[0x0, 0x10000) to [0x10a084000, 0x10a094000)
  ok   vkBeginCommandBuffer -> 0
  ok   vkEndCommandBuffer -> 0
  ok   vkCreateFence -> 0
[0x00000000] HDR 2003255d subch 1 NINC
	mthd 1574 NV90C0_SET_TEX_HEADER_POOL_A
		.OFFSET_UPPER = (0x0)
	mthd 1578 NV90C0_SET_TEX_HEADER_POOL_B
		.OFFSET_LOWER = (0x8002000)
	mthd 157c NV90C0_SET_TEX_HEADER_POOL_C
		.MAXIMUM_INDEX = (0x3ff)

[0x00000004] HDR 80002091 subch 1 IMMD
	mthd 0244 NV90C0_INVALIDATE_TEXTURE_HEADER_CACHE_NO_WFI
		.LINES = ALL
		.TAG = (0x0)

[0x00000005] HDR 2003055d subch 0 NINC
	mthd 1574 NV9097_SET_TEX_HEADER_POOL_A
		.OFFSET_UPPER = (0x0)
	mthd 1578 NV9097_SET_TEX_HEADER_POOL_B
		.OFFSET_LOWER = (0x8002000)
	mthd 157c NV9097_SET_TEX_HEADER_POOL_C
		.MAXIMUM_INDEX = (0x3ff)

[0x00000009] HDR 8000050a subch 0 IMMD
	mthd 1428 NV9097_INVALIDATE_TEXTURE_HEADER_CACHE_NO_WFI
		.LINES = ALL
		.TAG = (0x0)

[0x0000000a] HDR 20032557 subch 1 NINC
	mthd 155c NV90C0_SET_TEX_SAMPLER_POOL_A
		.OFFSET_UPPER = (0x0)
	mthd 1560 NV90C0_SET_TEX_SAMPLER_POOL_B
		.OFFSET_LOWER = (0xa012000)
	mthd 1564 NV90C0_SET_TEX_SAMPLER_POOL_C
		.MAXIMUM_INDEX = (0xfff)

[0x0000000e] HDR 80002509 subch 1 IMMD
	mthd 1424 NV90C0_INVALIDATE_SAMPLER_CACHE_NO_WFI
		.LINES = ALL
		.TAG = (0x0)

[0x0000000f] HDR 20030557 subch 0 NINC
	mthd 155c NV9097_SET_TEX_SAMPLER_POOL_A
		.OFFSET_UPPER = (0x0)
	mthd 1560 NV9097_SET_TEX_SAMPLER_POOL_B
		.OFFSET_LOWER = (0xa012000)
	mthd 1564 NV9097_SET_TEX_SAMPLER_POOL_C
		.MAXIMUM_INDEX = (0xfff)

[0x00000013] HDR 80000509 subch 0 IMMD
	mthd 1424 NV9097_INVALIDATE_SAMPLER_CACHE_NO_WFI
		.LINES = ALL
		.TAG = (0x0)

[0x00000000] HDR 20018040 subch 4 NINC
	mthd 0100 NV85B5_NOP
		.PARAMETER = (0x0)

[0x00000002] HDR 800020a6 subch 1 IMMD
	mthd 0298 NVB1C0_INVALIDATE_SKED_CACHES
		.V = (0x0)

[0x00000003] HDR 80002509 subch 1 IMMD
	mthd 1424 NV90C0_INVALIDATE_SAMPLER_CACHE_NO_WFI
		.LINES = ALL
		.TAG = (0x0)

[0x00000004] HDR 80002091 subch 1 IMMD
	mthd 0244 NV90C0_INVALIDATE_TEXTURE_HEADER_CACHE_NO_WFI
		.LINES = ALL
		.TAG = (0x0)

[0x00000005] HDR 20020509 subch 0 NINC
	mthd 1424 NV9097_INVALIDATE_SAMPLER_CACHE_NO_WFI
		.LINES = ALL
		.TAG = (0x0)
	mthd 1428 NV9097_INVALIDATE_TEXTURE_HEADER_CACHE_NO_WFI
		.LINES = ALL
		.TAG = (0x0)

[0x00000008] HDR 90000369 subch 0 IMMD
	mthd 0da4 NVA097_INVALIDATE_SHADER_CACHES_NO_WFI
		.INSTRUCTION = FALSE
		.GLOBAL_DATA = FALSE
		.CONSTANT = TRUE

[0x00000009] HDR 200181c0 subch 4 NINC
	mthd 0700 NV85B5_SET_REMAP_CONST_A
		.V = (0xa5c3f00d)

[0x0000000b] HDR 200181c2 subch 4 NINC
	mthd 0708 NV85B5_SET_REMAP_COMPONENTS
		.DST_X = CONST_A
		.DST_Y = CONST_A
		.DST_Z = CONST_A
		.DST_W = CONST_A
		.COMPONENT_SIZE = FOUR
		.NUM_SRC_COMPONENTS = ONE
		.NUM_DST_COMPONENTS = ONE

[0x0000000d] HDR 20028104 subch 4 NINC
	mthd 0410 NV85B5_PITCH_IN
		.VALUE = (0x20000)
	mthd 0414 NV85B5_PITCH_OUT
		.VALUE = (0x20000)

[0x00000010] HDR 20028102 subch 4 NINC
	mthd 0408 NV90B5_OFFSET_OUT_UPPER
		.UPPER = (0x1)
	mthd 040c NV85B5_OFFSET_OUT_LOWER
		.VALUE = (0xa064000)

[0x00000013] HDR 20028106 subch 4 NINC
	mthd 0418 NV85B5_LINE_LENGTH_IN
		.VALUE = (0x400)
	mthd 041c NV85B5_LINE_COUNT
		.VALUE = (0x1)

[0x00000016] HDR 858580c0 subch 4 IMMD
	mthd 0300 NVB0B5_LAUNCH_DMA
		.DATA_TRANSFER_TYPE = PIPELINED
		.FLUSH_ENABLE = TRUE
		.SEMAPHORE_TYPE = NONE
		.INTERRUPT_TYPE = NONE
		.SRC_MEMORY_LAYOUT = PITCH
		.DST_MEMORY_LAYOUT = PITCH
		.MULTI_LINE_ENABLE = FALSE
		.REMAP_ENABLE = TRUE
		.FORCE_RMWDISABLE = FALSE
		.SRC_TYPE = VIRTUAL
		.DST_TYPE = VIRTUAL
		.SEMAPHORE_REDUCTION = IMIN
		.SEMAPHORE_REDUCTION_SIGN = SIGNED
		.SEMAPHORE_REDUCTION_ENABLE = FALSE
		.BYPASS_L2 = USE_PTE_SETTING

  ok   vkQueueSubmit -> 0
  note vk warning [../../mesa/src/nouveau/vulkan/nvkmd/horizon/nvkmd_horizon_sync.c:206]: horizon_gpu_channel_wait_fence(2, 4) failed: status 4, nv 0x0000055c (VK_ERROR_UNKNOWN)
  FAIL vkWaitForFences -> -13
RESULT: FAIL (51/52) [aborted early]
